cs_br_concentration,pb_br2_concentration,temperature,oa_concentration,oam_concentration,reaction_time,solvent_type,bandgap,plqy,emission_peak,particle_size,emission_fwhm,lifetime,stability_score,phase_purity
1.395609722473956,0.6006721347875271,233.55837463201837,0.5463966193855643,0.21110113172399525,23.82690690822161,1,2.424,0.228,510.4,5.5,54.0,18.1,1.0,0.5
2.329369948376606,0.8628438394453429,172.37882986838713,0.2796850394321854,1.3183161039223452,41.01781848252466,1,2.421,0.216,509.9,4.7,62.9,18.3,1.0,0.5
1.6863780223858693,1.8412859867063467,162.74413077407036,1.0675368603954285,0.4678757762015826,41.82559387178617,0,2.344,0.834,528.8,5.1,57.3,19.4,1.0,0.976
2.5874311720032437,1.4807646361158147,206.8146714119875,0.8778993001095183,0.7444450920684911,34.553544183012924,0,2.43,0.442,510.6,5.8,51.2,16.3,1.0,0.662
2.238726039951971,1.182882081451554,119.4177233908542,0.8104089602452271,1.1592348270444552,49.33673875138984,0,2.32,0.411,537.2,5.7,54.3,20.4,1.0,0.615
2.6573685090438683,0.4565545711697552,100.11572276149464,0.5815779643864357,0.3306457306610122,26.026330213119735,4,2.224,0.017,552.8,5.3,60.1,18.6,1.0,0.5
2.602199064675673,1.2396574906540438,235.57894612139222,0.7426166169772034,0.5255355725872928,15.22238681434375,1,2.399,0.337,521.4,5.8,52.3,18.4,1.0,0.577
0.15755109839374093,1.764511042991528,164.4286536028015,1.4420299745597065,0.693569040557399,9.029576965272346,0,2.423,0.393,511.8,4.9,61.8,17.8,1.0,0.584
1.718204303870883,1.6492318832459396,219.02617137427507,0.3044240257105515,0.7082932541487079,27.40461866592689,1,2.435,0.811,508.3,4.4,62.2,18.7,1.0,0.943
1.6914857644839987,1.929877065159471,184.86784537154728,0.08846897590021258,1.0325791310892232,43.93314632749993,2,2.439,0.753,507.7,4.8,59.9,19.7,1.0,0.965
2.435911808378523,1.3262278828497653,176.7941784835092,0.6547513840279229,0.6681294950212648,24.721826321032626,3,2.397,0.407,516.2,5.0,59.9,17.0,1.0,0.644
0.5159186082355581,0.4340956737137991,182.04562006063725,0.8961791894532437,1.3246645439087832,33.69482662215252,0,2.419,0.748,518.4,3.5,77.3,16.2,1.0,0.904
1.8323777166973885,0.1995270030852601,249.40030355407774,1.2227743090540688,0.02280790930002241,51.512028514949755,0,2.42,0.0,510.3,5.0,59.6,18.5,1.0,0.5
1.165429967344798,1.951987958164975,195.71278709952958,1.1659471858326018,0.9610105475627371,10.35996990884735,2,2.391,0.582,515.5,4.4,62.7,18.5,1.0,0.819
0.5936676294856428,1.7455873094059193,82.5584782588947,1.0036086886576432,1.3571576676862167,25.07128839333852,3,2.305,0.477,534.0,5.5,55.1,18.7,1.0,0.749
2.7823350931794333,0.6640985836567783,167.98165518879247,1.2417556339257705,1.004909296213867,10.427301985962048,0,2.48,0.109,505.5,4.5,64.0,19.5,1.0,0.5
0.6792993370752459,0.9696953805253213,195.20711041310463,0.4305308847976509,0.892008247930845,35.81923832492977,2,2.409,0.591,518.6,5.1,62.7,17.8,1.0,0.888
0.7496420141688888,0.9483292230591555,95.22601913000346,0.1239910734529508,1.0649304043553465,41.358729119808984,0,2.353,0.805,527.3,4.3,66.8,19.1,1.0,0.943
0.7669584903814926,0.9648739603033034,162.6336750376894,1.0011120658346373,0.5952333457567186,54.58667889327251,3,2.395,0.658,518.1,4.4,66.0,18.0,1.0,0.874
1.6223984219003238,1.885711551554212,126.1392299938133,1.3537270930197327,1.4776962616017317,13.013363403900593,3,2.318,0.678,530.3,4.4,68.7,17.4,1.0,0.95
1.828454503201452,0.13712524786489066,180.10540451113582,0.7285933679121078,0.4349089407109355,56.0901684228199,3,2.429,0.0,509.8,4.7,66.5,17.4,1.0,0.5
2.2553688221553387,0.916173437792996,114.79100888988722,1.3277875520027198,0.8178599630706294,38.723298546514926,0,2.415,0.257,511.1,6.0,53.8,18.9,1.0,0.5
0.9624331024519067,0.7985984989073011,233.49084610109273,1.2422011258981212,0.15988936429406242,44.00680532510107,0,2.506,0.702,491.5,5.0,59.4,16.8,1.0,0.905
0.28843834062415974,0.22240639769611903,177.81334321819548,1.086043310595378,1.071625068256352,51.911426422822174,0,2.321,0.699,534.1,5.5,57.0,18.3,1.0,0.848
1.7923012643408696,0.449006943314044,132.97905517377905,0.31343283265804145,0.31210042347954586,2.8683019542275168,1,2.399,0.037,516.1,5.7,53.6,17.1,1.0,0.5
2.3710991652871702,1.6573094905489416,241.77891275913873,1.360905001166599,0.13572670472027798,3.743964634467668,1,2.505,0.571,493.4,4.6,64.7,17.9,1.0,0.841
0.2396763399429329,0.45850358229867694,215.7704956391303,0.03027670614700051,0.1846223978911436,54.24180360383842,1,2.446,0.424,499.3,4.7,62.0,15.1,0.937,0.764
1.3462196788241227,1.4570669405047874,149.98166096994132,0.7264008647831928,0.42532193488545295,21.687911320349073,0,2.35,0.807,527.8,5.1,58.4,17.9,1.0,0.944
1.1738088116634806,1.0608802861104474,128.28027863935128,1.1207458536115624,1.336373854241227,17.942972236144787,3,2.415,0.669,517.0,5.3,55.3,19.9,1.0,0.926
2.1014667975800325,0.30731274392306474,187.84497267097575,0.5488169292325384,0.6629827664983565,19.0877325793572,2,2.458,0.0,504.3,5.1,61.5,18.7,1.0,0.5
0.2946894870657177,1.1733584073968368,213.4291660955839,1.2741181882888304,0.428883457242741,44.80464961223531,2,2.415,0.385,510.4,4.7,64.2,17.8,1.0,0.633
0.8648447375470948,1.2355163894023198,245.88070734159047,0.7107524871261434,0.6671431116080313,36.088128925674894,0,2.465,0.667,501.1,6.1,54.6,18.9,1.0,0.922
0.7849003906953639,0.12554645636097322,235.7995652562446,0.13865930333414295,0.9982224829000833,58.669766200289075,3,2.483,0.005,496.3,4.4,65.4,16.9,0.949,0.5
0.4386080182014226,1.987848834950528,204.36519833110447,0.60067310227084,0.7991012530021722,54.779747300682196,3,2.395,0.401,516.2,5.0,56.8,19.9,1.0,0.719
1.23135132923675,1.4548116684396422,143.73092459866837,0.9203149166909406,1.3398553906305022,47.2605920384236,2,2.425,0.684,511.3,4.5,62.6,21.1,1.0,0.955
0.2659636260781023,1.2525151168865565,221.75967204259035,0.2287406145501425,1.12956509393033,48.148549954883656,0,2.501,0.458,491.6,5.3,58.1,18.7,1.0,0.675
2.0331065742018284,1.9611361617754075,176.48833383833386,0.2564772815650103,0.021710711642411507,59.36020853182614,0,2.383,0.671,514.9,5.1,59.1,17.7,1.0,1.0
1.5492076202140614,0.6593811924132783,84.50754845817457,1.40225871688822,0.8358764952831506,6.269126783747841,3,2.363,0.185,521.5,4.5,64.8,16.8,1.0,0.5
2.1404512327350327,1.602300170312758,234.48452316963696,1.4494280959982975,0.45546645982355793,44.018333606812625,2,2.403,0.617,516.0,5.7,56.1,17.0,1.0,0.83
2.4583511870835637,1.3406997679290913,163.66856759770755,0.13653392057937613,0.06779204988425863,6.6895600313672485,0,2.407,0.238,512.7,5.6,60.4,14.6,1.0,0.678
1.9825038524167449,1.4121635124881446,132.96433780161055,0.07515144244716676,0.9055443647962322,4.298977012464495,0,2.341,0.588,536.0,5.6,56.8,18.8,1.0,0.812
0.8412676000430683,0.6140774930037408,92.10387307191435,0.9230561984515883,0.5868297262763711,36.736456060280176,1,2.283,0.611,544.5,5.4,55.5,17.3,0.977,0.815
0.18935763199126981,0.2039063106088619,228.31157950434016,0.5725998873704216,0.9500574137200852,29.096775487549476,0,2.439,0.842,508.4,4.5,61.9,17.6,1.0,0.982
2.02225630268672,0.8231061164232741,175.47828746391826,1.2456598248290183,1.2664970014902155,56.24598748848882,2,2.392,0.234,518.7,5.0,61.2,18.1,1.0,0.5
1.383832009587605,1.920528668332071,187.7495114876894,1.0363538485636847,0.06429821440500472,15.623732926890751,3,2.416,0.647,506.5,4.5,64.9,16.8,1.0,0.931
1.4386329475860213,1.074195566626026,166.5912213413523,1.0853432648529802,1.1591497552601042,58.92022886566414,2,2.445,0.563,511.8,5.8,53.9,16.9,1.0,0.876
1.9759948794757254,1.4487905165985455,181.59119012806076,0.767530780266606,0.8143014473200683,55.0106523928652,1,2.435,0.658,509.2,4.9,62.7,17.3,1.0,0.873
0.45417168479211834,0.5691610525522934,166.63578728145427,1.19703289191601,1.1487035998285458,29.00612200647881,1,2.289,0.73,539.3,4.9,58.8,17.2,1.0,0.886
1.3186311613237747,1.1097052316991036,114.38377384884157,1.2559689767368587,0.7207511685620717,2.8444156789759005,0,2.339,0.777,534.6,4.8,57.7,16.9,1.0,0.998
1.620697883419506,0.7721735310109512,120.47773461730023,0.5240067986671851,0.2115374996985071,40.21090754673842,0,2.301,0.313,533.7,4.7,63.6,18.1,1.0,0.576
0.5503892215090119,0.8371497760641828,249.7753739133782,0.09139469432422453,0.20068599770675266,27.91260005995317,3,2.394,0.397,521.1,5.5,53.1,16.8,0.932,0.874
1.6559146537487692,0.6158119800346741,243.20246216346163,0.37557446568910274,0.6936311376435654,24.530968395451218,2,2.4,0.15,516.0,4.5,64.8,17.9,0.934,0.5
0.3080027042568833,1.2539008237543674,198.03666311120725,0.2019560968568741,0.8734180843347537,39.540048060456094,3,2.39,0.384,520.5,5.9,51.0,17.8,1.0,0.676
1.4862009570913088,0.852137775932621,197.5583408413978,0.7958383303830832,0.3046464391116429,21.527383110771048,1,2.411,0.451,516.4,5.4,50.9,17.2,1.0,0.704
2.4945090459869363,1.4061351980850205,160.45600953130452,0.9620439641140219,0.49245797980350203,53.27563682510417,0,2.356,0.436,525.6,4.6,64.1,19.1,1.0,0.725
2.413033032467832,0.74973015644485,204.2565249131464,0.06356477203990862,0.7536834402394359,40.26810043814044,2,2.47,0.129,497.3,4.1,71.8,18.2,1.0,0.5
2.7233222766677407,0.6751745607180261,95.7244187115306,0.8954149259995533,0.11511245998223762,45.577954383603696,1,2.236,0.083,560.4,5.3,55.9,18.9,1.0,0.5
0.15498788910661543,0.2727153661250692,238.06183302172738,0.7036628519408192,1.142898199165487,49.67769541688836,3,2.422,0.514,515.2,4.6,61.6,17.0,1.0,0.812
0.12109348233197884,0.25783118057475946,170.42796235748372,0.9841246045973394,1.1567644372064192,22.913111115367975,4,2.382,0.481,518.7,5.3,59.8,17.2,1.0,0.797
0.8881684260021877,1.4974199004288886,220.8959730102621,0.9426983742426833,1.367378318433839,50.01573094064637,0,2.321,0.685,537.1,4.4,65.4,15.8,1.0,0.823
2.1372352788360534,1.1577838398032994,242.41271399329588,1.128186288509176,1.0685063356358555,38.02915063543193,1,2.576,0.432,482.7,5.2,57.6,17.0,0.939,0.663
1.316423224348695,1.2105502684289633,223.4621921987301,1.1876829473118626,0.36068815269334803,49.93948205789462,4,2.481,0.691,502.9,5.6,56.7,18.4,1.0,0.965
1.3468267191362255,0.39755242186736484,135.26379008324366,0.5543792808740524,0.11350582305548612,34.888979983161185,2,2.34,0.12,530.8,4.7,64.2,19.1,1.0,0.5
2.855496710776993,1.9810297388571947,125.51084176092667,0.2962309808329346,0.6518291819410043,48.590788460481555,0,2.316,0.567,533.6,5.9,49.8,17.2,1.0,0.842
1.5671375330194481,0.8085520647328693,139.195192845257,1.0848843843264904,1.159931100715511,1.7504629166800945,1,2.356,0.4,525.5,5.0,61.5,18.0,1.0,0.573
0.7216280843217099,0.8826748755104136,217.9947582611863,1.4561212037443845,0.06713666624404308,23.446528815924783,1,2.452,0.717,503.6,4.6,64.0,16.9,1.0,0.905
2.872351124652101,0.4115809871499756,81.65082068865023,0.06419021978971695,1.4890409567180902,1.8442588709348102,2,2.404,0.0,524.3,5.5,58.8,18.8,1.0,0.5
1.5915367966265983,1.7629594222976246,124.47127683758303,0.8276194931543218,0.7785341489843567,50.32968890497352,4,2.426,0.654,512.6,5.4,55.7,19.6,1.0,0.988
2.416303308001559,0.9662533791570556,100.13924486036478,0.752919155269171,0.27968685740226074,3.886089307852268,1,2.224,0.211,553.6,5.1,64.3,17.6,1.0,0.5
2.3653040746009752,1.3360701332814893,156.60349703016868,0.5609713764403726,0.19771132012070186,28.802516734203046,1,2.46,0.493,502.4,5.6,57.4,17.3,1.0,0.704
1.1513594610048952,1.6631838192021984,159.89905381077688,0.3620541764423499,0.31139412291989943,39.52003329558241,0,2.484,0.66,496.9,4.9,58.8,19.0,1.0,0.861
2.6012622473903764,1.9895989180515992,107.1108787212346,1.481458922942625,0.4917623443979656,35.85845632893657,0,2.389,0.676,519.1,4.5,66.9,17.4,1.0,0.85
0.24718587244373194,1.1375023149412096,132.90467073796165,0.004181678572897418,1.1363475112283603,59.52940659920285,0,2.356,0.461,525.1,4.6,66.2,18.3,1.0,0.689
0.466017531350007,0.43086863258833563,241.77437423888185,1.085529934467609,0.18584629854355117,29.286007885117233,3,2.402,0.693,516.4,5.6,55.5,18.7,1.0,0.937
1.2703749965288558,0.4948553061486679,234.46206116753223,1.4000151448764804,0.6875078312943332,29.195100295466933,4,2.4,0.186,516.8,5.0,59.9,17.9,1.0,0.5
0.7947606430230875,0.9348023364724574,126.9614035575463,0.8080193243226836,0.4633987895288073,12.72036762593739,2,2.307,0.688,534.5,4.9,60.7,18.2,1.0,0.926
2.7128806347880174,0.1493845250178129,219.23958587585082,0.7837110669051266,0.22209378517608352,4.436532484913034,3,2.521,0.024,490.1,4.6,65.1,18.8,1.0,0.5
1.56581256093838,1.5491920727873902,85.07640557027008,0.3711320946682052,0.738122532669793,27.123571307576377,2,2.334,0.797,528.9,4.2,67.3,19.2,1.0,0.973
2.2351315837935695,0.2966910402323072,219.85928381031994,0.7746298321430751,0.6116846350725926,6.184561855909674,2,2.459,0.0,506.1,4.8,61.6,18.9,1.0,0.5
2.3156001990685855,0.337708198384051,145.84206322478957,0.32651247415042944,0.7867623190778504,29.690622753397065,3,2.308,0.019,533.9,6.0,52.8,17.4,1.0,0.5
1.59497631038809,1.2264867239529331,236.13574622520758,0.35766986810240586,0.8770665517063455,29.19521511860349,4,2.531,0.523,488.3,5.3,63.6,18.8,1.0,0.906
0.12152817272483978,1.4769532636179807,108.1317442198867,0.7131906389691847,0.23441119732880017,57.477291209612666,3,2.346,0.41,524.3,5.2,62.2,18.7,1.0,0.598
2.767012187060291,0.4071072635661934,237.24734981264322,0.045128512242954666,1.4198396060019145,39.94573268509146,3,2.522,0.052,493.5,5.2,62.3,17.6,1.0,0.5
2.996131576411155,1.8325743968795334,123.26553782235436,0.9813868540303654,1.4312189134947202,6.8472970127646455,0,2.328,0.502,531.8,4.6,69.9,19.8,1.0,0.742
1.3234971235009634,1.9236135832102217,95.58341270706903,1.4692982079606955,1.4863278975534615,14.839331900386298,3,2.286,0.602,547.4,4.6,62.1,19.5,1.0,0.829
1.5747372780950466,0.7895600349703908,137.1238066494524,0.4318264424940553,0.04933245618701104,48.64483912255574,1,2.357,0.363,524.6,5.1,58.9,18.3,1.0,0.601
1.2332528693667266,0.33645927293626454,151.78167806058713,0.4186902346274559,0.9602626631316368,8.091702925323132,1,2.267,0.076,550.2,4.9,64.5,16.9,1.0,0.5
2.2837750798704164,1.9559070425700078,87.73151217738958,0.30386703172255647,0.6254877323697743,11.963369379738307,4,2.355,0.686,523.0,4.6,63.9,19.6,1.0,0.995
1.7390413077427487,1.5115512441273193,96.40688089803774,1.2253537063256186,0.46058673597425615,3.3144194076269167,0,2.376,0.781,518.0,4.9,60.6,18.3,1.0,0.954
1.3731757198875683,1.7743664142936313,178.33765579456784,1.1506474259066626,0.3985662344032824,44.269142105554174,3,2.317,0.586,536.0,5.1,56.2,19.9,1.0,0.848
0.6573419818184767,0.22879142375873995,172.3146675146919,1.211440901530977,1.0074423966536374,22.14295848480474,0,2.523,0.152,491.6,5.7,53.2,17.9,1.0,0.5
1.1504566138520305,0.5157393032465749,181.97471262999014,0.24396646603711625,0.7610086098529272,59.867315719139945,0,2.429,0.34,511.9,6.1,54.1,20.2,1.0,0.5
0.6908176850482728,1.7207720752573579,90.20363411255829,0.26799940253853965,0.8690046565522683,26.277690933868165,0,2.387,0.53,522.1,5.6,57.4,17.4,1.0,0.795
0.9358871512250261,0.6166804323000936,94.81071594255756,0.751920258885933,0.9021394837203381,17.593423617698278,3,2.332,0.483,533.3,5.3,58.2,19.1,1.0,0.84
1.5828053247695921,1.5781575076916126,172.64885885254802,0.3045955089261466,0.0816257249852615,34.42813678021863,2,2.307,0.68,536.5,5.5,55.1,18.5,1.0,0.97
1.8393925346343332,1.2970489343451133,112.8250351670623,0.9204022893672406,1.186352811811119,15.090394932516427,2,2.33,0.57,536.6,4.6,64.1,19.2,1.0,0.849
1.6195429974401958,0.5586498337642146,245.7644462050021,0.3625765640956134,0.655752898671977,49.66414965665378,4,2.433,0.087,507.0,5.5,59.2,19.2,1.0,0.5
1.74678819355872,1.7399415089564783,187.7777296271231,0.5839097777989439,0.022422859548522633,34.36211329289726,2,2.398,0.805,513.8,5.3,58.9,17.9,1.0,0.953
0.6753988096457227,1.020631120397446,200.00553678035936,1.2812407010150113,0.41520168086352277,48.46673013896114,2,2.461,0.624,504.5,4.9,60.4,17.9,1.0,0.821
2.25561663877077,1.871327754921884,144.74314427125478,1.4571476426642658,0.23821353221339708,22.652427318252595,2,2.39,0.635,523.1,3.8,69.6,17.0,1.0,0.928
1.4583796271023266,0.46982964320112974,191.74692914968438,0.45173869745269596,0.5766812980599081,51.495625519335164,1,2.395,0.145,515.5,5.3,57.7,18.3,1.0,0.5
2.1899640254500823,0.256750158220865,132.82358946667028,0.9542053200403162,1.045190820302346,58.67755897420746,1,2.42,0.0,514.6,4.7,63.1,19.4,1.0,0.5
0.44279306223030646,1.3359348999691696,95.07664850076434,1.4824718605270655,0.2118700160542492,52.1665601966822,3,2.282,0.479,538.5,4.9,59.8,17.7,1.0,0.75
0.29754587056762816,0.4112780712593682,241.00848365881745,1.3521389572418123,0.5014714408552423,3.318434570877767,1,2.384,0.58,524.8,5.5,57.4,17.8,1.0,0.886
0.6832961593836026,1.098424538656892,80.50704690818783,0.49617516151548513,0.2332092802516273,55.9526260249965,2,2.334,0.571,526.9,5.9,54.6,17.4,1.0,0.868
2.5936849080500504,1.9948478990927894,192.23997427225808,1.4791399253322566,1.103557458802821,36.159377713915646,0,2.305,0.71,532.5,5.9,56.3,18.2,1.0,0.87
0.6662353230116654,0.9054199086197549,172.60462053187865,0.3444524553707504,0.7624747135070694,33.936907359149195,2,2.402,0.635,517.5,4.9,57.6,19.2,1.0,0.912
2.4838529163798575,0.557710140780288,231.3555084662986,1.0756943508687071,0.12452567907758094,15.018342569891784,2,2.5,0.041,493.1,5.3,58.1,18.1,1.0,0.5
2.0511618290924147,1.390476367745877,123.9172206868709,0.8079680629631405,0.8234229843330709,54.31177072344303,3,2.456,0.524,505.4,5.4,58.1,20.5,1.0,0.829
1.4832277085140564,1.1787570211299065,243.46970757264285,1.4782878500812204,0.7830546686248118,17.2376185711924,3,2.477,0.595,500.0,5.4,56.2,17.9,1.0,0.823
0.5844254626883763,0.9245376203593276,123.18126105219345,0.2497980566986861,0.7756047808067167,38.05415761174415,1,2.344,0.62,526.7,4.9,60.8,18.6,1.0,0.839
0.40223093544607136,0.16969210184524747,141.73320548118298,1.388047353026431,0.8886776276902661,35.15482833789051,4,2.334,0.172,531.2,5.7,56.5,15.8,1.0,0.5
2.787165263520667,1.4566839062673085,154.34239553351898,1.3462683225784815,1.038463502715314,1.6099508863308185,3,2.346,0.302,529.4,5.1,58.2,19.4,1.0,0.671
0.6594850554335581,0.5707934463098294,145.36016022191208,0.5638521800116651,1.4624480495392453,49.66494409192753,1,2.281,0.767,543.1,5.4,56.6,18.5,1.0,0.945
0.6463018202640345,1.2264708891138547,98.60802172216069,0.7496569649954488,0.12202274464443724,51.792231615473106,0,2.244,0.611,554.5,5.9,52.4,18.6,1.0,0.779
0.9517023256900623,1.1971487306855864,156.25135230418448,1.2500642233417325,0.4709565316796997,17.79670853847879,0,2.333,0.751,534.8,5.4,54.8,19.6,1.0,0.891
2.388692814811549,1.9319008139671394,102.75202940607892,1.4402245443541433,0.0951264965078713,55.48035536686234,1,2.324,0.7,531.5,5.6,52.5,16.8,1.0,0.853
1.3823416771177053,0.43509265883463233,85.59784530378006,1.2959471054132723,0.37108539301709736,17.813139751295655,2,2.292,0.131,541.7,4.8,60.3,17.8,1.0,0.5
2.1778128500625185,1.1011519178434404,204.0131253685958,1.1081205719097293,0.646793061014511,39.823808256454285,2,2.376,0.343,517.9,4.8,62.3,20.5,1.0,0.643
1.5339754092189015,1.1624614022335136,218.64131282906877,0.6309982275233135,1.0612580320183795,59.910828326853604,4,2.418,0.614,508.7,4.4,69.2,19.1,1.0,0.901
2.260677056208303,1.4455043432691281,164.5171081053138,1.1145758979840574,0.4137964529496203,39.52367889494833,1,2.402,0.592,514.7,5.3,57.7,18.2,1.0,0.787
2.892097070341785,0.8851394925252126,129.6171510574252,0.922828608672014,1.14212048289086,42.66125387484332,1,2.306,0.148,539.6,5.7,57.9,18.5,1.0,0.5
0.140148045399362,0.2942855990950345,145.85904079275767,0.9160930576586542,1.301666968185141,49.06492700633262,2,2.329,0.569,529.5,5.9,53.7,19.3,1.0,0.803
2.3644626088076506,0.9355307433197008,202.32552024136157,1.4453402394847958,0.9880037511062604,26.06990808435473,1,2.346,0.22,527.0,5.8,55.8,15.8,1.0,0.5
0.3507341879001863,1.7552304552924025,120.86026502547844,0.08734181958207399,1.0308529379554052,57.35397250421745,3,2.327,0.325,531.9,4.7,65.6,16.7,1.0,0.651
2.655732530725592,1.3296645837984535,248.12464477581068,0.21827564876629912,0.4787944361500365,34.5212222405699,2,2.451,0.355,508.3,4.2,64.5,16.4,1.0,0.603
1.1311863978871597,1.5625789836631883,151.97319160917425,0.7777609762459268,0.8790516980831765,56.36797145100681,2,2.35,0.644,532.8,5.2,56.8,19.7,1.0,0.855
0.9835436187335123,1.694906574470201,232.01254837682615,0.03077084847378997,1.120597219981839,34.4388462199718,1,2.469,0.58,499.1,4.5,66.1,20.4,1.0,0.797
0.8596208149493787,0.3372021113770117,131.20389743420398,0.29743090989520077,0.7594590041111317,10.351760900363264,4,2.27,0.206,542.4,3.8,75.2,18.0,1.0,0.5
0.9777406262729837,1.512057070621719,91.42339008504324,0.8117398451696558,0.3164858698853433,11.044336845662174,0,2.407,0.665,512.6,4.6,63.3,19.6,1.0,0.878
1.37137408036848,1.5336038163891423,91.27632087608231,0.2400470355902357,0.12109038863226512,16.927219102782775,0,2.315,0.721,534.9,5.1,59.9,16.6,1.0,0.961
1.2038455054425583,1.0375181846135157,108.89120736399839,1.1282020643594601,0.34052025948139,59.81449503422491,0,2.271,0.802,545.1,4.1,71.0,16.8,1.0,0.947
1.9611675508279525,1.2203340139708103,215.60212365428544,0.744779809975793,1.0081565232037462,32.91369905711491,3,2.387,0.5,521.7,4.9,58.7,19.0,1.0,0.752
0.9542945204810243,0.34931614725468996,186.3521338208169,1.3490737093881093,0.664042552256415,35.35402825224946,1,2.317,0.145,535.7,3.9,67.6,19.0,1.0,0.5
1.6888475832532555,0.2769585359921619,211.10793996240113,1.0925062418343119,1.1930672550088897,50.580237766903316,3,2.444,0.001,508.0,5.7,57.2,17.4,1.0,0.5
2.5922714055515694,1.935262217319383,80.93729811135715,0.9867447448750994,0.9285094088860503,4.6856982251912385,0,2.338,0.671,531.8,4.3,62.9,18.5,1.0,0.886
2.6224144480798115,0.32973729726754614,187.40129278788675,0.016553070956017324,0.303463262882028,26.710819050070693,3,2.363,0.0,523.9,5.3,58.5,17.6,1.0,0.5
1.6229573387738618,0.7061510688879169,167.25673606280372,1.2273511642683017,0.546844110537122,4.79416910335679,4,2.347,0.199,529.3,4.7,61.8,20.1,1.0,0.5
2.2148995752847367,1.738626013729055,178.57514614349316,0.20917931344309115,0.7742600308693758,43.953624278958955,3,2.335,0.643,524.6,5.2,58.3,19.3,1.0,0.937
2.5667803311157535,1.8401943395292977,136.72384844186416,0.5685244963676277,0.9182924680038704,7.895808232125557,2,2.329,0.573,537.4,4.9,60.8,17.9,1.0,0.82
0.5666203673510543,0.2823863950591497,185.49406665684398,0.6466022572108906,1.367035789393988,46.88814158876442,2,2.372,0.368,525.0,3.8,73.8,20.0,1.0,0.592
0.6742808997024924,0.6687964576705343,245.20415547189032,0.4477816952494332,0.9491312271915296,47.650321896843536,4,2.551,0.696,485.8,4.6,68.2,16.9,1.0,0.988
2.468780487702045,1.7300160072191484,195.0752008346047,0.8286398848042803,0.6004460976056323,56.37600714858236,0,2.415,0.616,511.1,5.6,54.9,18.7,1.0,0.837
0.7714962724272717,1.3777314240176763,197.10455674950245,0.21037148659587318,0.29996513524336754,55.91057475450223,0,2.446,0.626,507.3,4.5,62.7,17.8,1.0,0.824
0.15987480787696692,1.4608010602297798,165.75756205045232,1.091959776311978,1.4953132763521069,41.63664723769837,2,2.38,0.392,524.4,5.1,60.5,17.6,1.0,0.602
0.30856703881607606,1.5401473986660623,202.466406357141,0.9892433575915975,0.8000572501474033,28.23009581842055,3,2.359,0.367,526.6,4.8,65.8,16.8,1.0,0.663
0.6610784238211931,1.0014571531222214,116.59390673578167,0.12160807920493,0.2294015668023639,30.60191135785884,1,2.375,0.508,524.1,5.0,61.7,17.2,1.0,0.838
0.6464353061304059,0.968136824699277,94.9589197918023,0.25391748665781044,0.5878489232222031,17.1212920055018,0,2.334,0.686,531.0,5.1,57.7,18.0,1.0,0.893
1.9082270649766624,1.0717582279604136,161.05139651530553,1.4256546187229966,1.186429737162753,28.320205472188025,1,2.428,0.403,511.7,4.6,65.6,18.7,1.0,0.637
0.693646897533172,0.6944074102811633,148.56176181290886,0.11850338413095657,1.418248371706316,18.341207028746922,1,2.395,0.797,516.7,4.7,66.6,16.9,1.0,0.956
1.809066487356828,0.646220167633624,135.46660170530615,1.268212052852265,0.24841257837607517,27.18930207630729,1,2.374,0.196,521.0,4.5,62.7,17.7,1.0,0.5
1.8922370368225958,1.9845458288266757,155.40836143019163,1.2352177602814065,1.0791735954540207,34.06781384316523,0,2.425,0.834,512.8,5.7,54.2,19.4,1.0,0.937
0.6528962157422747,0.9653044716050633,234.60892460002523,0.12298527652358704,0.7339609057686539,29.1236134720278,3,2.373,0.572,525.0,4.7,65.7,18.3,0.983,0.91
2.6484168641385484,0.8672664919108513,93.40984760599979,0.598008652282529,0.2763249596037384,12.191689548394095,3,2.293,0.099,544.0,6.1,57.1,17.4,1.0,0.5
0.8171142555574581,1.6383311575832686,98.31269252511801,0.37543915067718164,0.6330453334076442,3.6026789437464237,3,2.332,0.523,534.4,4.3,68.2,18.1,1.0,0.784
0.7465241905999984,0.38753057095478494,226.99028590165918,0.4537909418067205,0.32867944945096594,30.680311992185082,2,2.438,0.359,509.6,5.0,60.3,17.3,1.0,0.609
1.8007208815734095,0.9059843046000681,111.68517504261541,1.071100041076982,0.2906401820440254,55.027735950904095,1,2.327,0.41,531.9,5.0,58.9,18.2,1.0,0.642
2.3886122955042417,0.48487850228376217,147.9314386594976,1.4731216326662917,0.9738346805348292,44.10413896899505,3,2.331,0.044,527.2,5.4,55.4,17.0,1.0,0.5
0.740070446579777,1.8981083174237359,143.6422440283798,1.2166168039656868,0.7309420722166917,29.02816322690714,3,2.416,0.431,515.7,4.7,61.3,18.5,1.0,0.759
0.5553989117588815,1.3571340445368918,150.12811891085158,0.2166095853648728,0.4691486692147,1.658852875711283,0,2.372,0.525,522.7,4.5,64.6,18.7,1.0,0.711
2.726971013581915,1.2058650616446351,172.83345049439964,0.40474342887027454,0.49010374333510737,23.625959779951057,0,2.369,0.302,517.1,5.3,60.9,16.5,1.0,0.5
1.4877346925047144,1.3931536562599298,172.22078098094298,0.9344475080649883,0.9689630949641979,52.97827747686263,2,2.378,0.766,517.9,5.7,51.2,17.9,1.0,0.974
2.1554366920702637,0.255604253566341,153.0793024362787,0.8129826116318319,0.3794534678948325,45.914202892394734,0,2.314,0.0,533.4,5.6,55.5,18.5,1.0,0.5
2.753814097111497,1.0899907471279053,95.46733563152046,1.0395284346230358,0.025423837629524826,28.253222237389497,0,2.256,0.21,553.1,5.2,58.7,16.3,1.0,0.5
0.7915439845998103,1.0536623703635444,130.6326206610425,0.34200160432840127,1.276229736856176,3.346266566097986,1,2.223,0.679,558.2,5.1,59.3,17.8,1.0,0.959
0.5248247609961461,0.9180275669044291,227.7189963955976,0.28180688454215397,1.0157305136970292,48.589604582187135,2,2.434,0.558,508.2,4.6,62.4,18.6,1.0,0.766
2.3286365031220604,1.8645315567209397,88.59411010425691,0.2902207103429749,1.3987196495209853,46.73735618135263,2,2.318,0.679,538.3,4.5,66.3,17.9,1.0,0.888
1.429087697263084,1.1874251291216305,99.92722637405114,1.4055668405324488,1.1667111139164976,23.281991143458594,3,2.336,0.581,529.7,5.0,56.0,19.2,1.0,0.903
1.8627879631643338,0.5213777769914071,94.30335942726661,0.7973243340177636,0.4245528391318553,26.057727816947654,3,2.35,0.075,523.5,4.9,65.4,17.6,1.0,0.5
1.3048002591814385,1.1532881493280709,179.32275680559115,1.2110667135715447,0.8718961176118393,42.99845217625617,3,2.39,0.709,521.3,5.0,63.4,17.6,1.0,0.906
1.6972305417548266,1.1021024639680415,202.40363027044918,0.5421654641744091,0.497344855911517,56.43532324958239,2,2.456,0.525,506.1,5.0,61.9,18.4,1.0,0.777
0.23662976938218722,0.4282830039679022,124.66792593764396,1.1518746009691294,0.06896695602388836,19.942931740704044,0,2.305,0.631,534.6,5.0,59.8,18.4,1.0,0.812
2.9467178663298554,0.5891255610516924,229.2520018452778,1.0479716056728248,0.1633899342919939,59.58367658048229,2,2.361,0.008,523.2,5.6,54.3,19.4,1.0,0.5
0.9495133729505563,1.218945265528606,197.4014609442166,0.23773057418570764,0.897635634978629,55.35050002034442,1,2.384,0.685,519.1,5.3,54.6,18.3,1.0,0.948
2.6052738753821516,1.946318213264797,80.13776034530729,0.8095611594458567,1.2196566193519491,40.526356806233395,0,2.234,0.71,555.0,5.5,55.8,18.0,1.0,0.857
2.312388912015872,0.9371189696448994,199.00247662537555,0.015748749163531528,0.5563097841435545,35.55945167712635,1,2.5,0.261,498.1,4.8,60.8,18.1,1.0,0.5
2.9437798694626784,0.6328712049115592,239.94005833596745,0.8677067174048432,0.3841228087625307,30.278535182818207,0,2.504,0.0,492.3,5.3,58.3,18.4,0.964,0.5
2.274564894763779,0.7576740776082536,121.85864799512387,0.9581523800322458,1.218405503818164,10.426149081475078,1,2.226,0.12,555.7,4.9,59.7,18.5,1.0,0.5
2.223418577269969,1.562981099385374,130.21222886518882,0.8518757377355661,0.3131055516543629,30.94371972814399,2,2.397,0.538,516.0,4.7,67.0,18.5,1.0,0.825
1.1821773912320979,1.0795107220417635,198.45875070240527,0.037033728174628466,0.7432643480535106,11.942326396455686,1,2.403,0.779,515.3,4.3,71.9,20.2,1.0,0.971
1.653825834562516,0.7264989310074855,99.91900223218506,0.42362093550056695,0.9035409771434502,14.041685275148401,1,2.266,0.283,547.3,4.1,68.8,19.9,1.0,0.515
1.8873255032627887,0.9078615367125457,101.00320250060935,0.12663663991984903,1.32112964125833,49.25699436343138,0,2.366,0.34,525.7,5.4,57.1,19.3,1.0,0.529
1.7941536792377963,0.3039556974531553,241.0118503621991,0.2550777095998099,1.1188992944989085,36.69044429336812,1,2.557,0.03,488.4,5.5,58.2,17.7,1.0,0.5
1.7561516458268254,1.0883082839246303,201.24694854162783,1.1268652682752642,0.1315406062663001,46.43718669159558,1,2.347,0.521,528.8,4.8,58.3,18.5,1.0,0.758
1.3490522649233785,0.4643650073170502,154.15019071557472,1.2868231442722677,0.8074074124391621,14.516513833654415,3,2.397,0.201,510.8,4.7,63.5,17.6,1.0,0.5
1.8989545526562548,1.2317853600389341,129.82532161608066,1.463183045016548,0.7689271760606986,49.93859733416109,3,2.371,0.465,522.3,4.6,61.9,18.7,1.0,0.796
0.8755152909368367,1.2490144432251247,159.94579436117766,0.36619497984706295,1.1650128538402786,16.014934315270878,1,2.38,0.642,527.2,5.2,57.9,19.1,1.0,0.901
2.155061398174494,0.13451859292219728,197.20216691512127,0.40814427781997437,0.3162104585174294,8.193545137886606,0,2.43,0.0,514.4,5.0,58.1,19.6,1.0,0.5
2.5297470295899394,0.8738930630318916,163.0000402407054,0.26394586486089644,1.393169861643983,8.903938671966099,1,2.409,0.197,515.3,5.1,57.6,18.3,1.0,0.5
0.10202200894259025,1.2742863580295645,192.09755981921504,0.7651203349024966,0.8142113446787154,39.740762943399524,0,2.486,0.371,497.9,4.1,68.4,18.6,1.0,0.662
1.132983567087178,1.5377228437291273,164.59962347155783,0.6551806836500651,0.8722915176069502,13.23162282123952,3,2.446,0.631,506.9,5.6,56.2,18.4,1.0,0.863
0.3955565110770374,1.6356983058646568,228.77031211419427,1.3646106999166223,0.5577796029682692,54.71553118194626,3,2.403,0.376,519.6,4.9,60.1,16.8,1.0,0.732
1.632031620060441,1.685650822147932,161.17026125583556,1.1880935365485565,0.8957010476103311,4.586398614838751,4,2.426,0.786,511.7,4.9,59.3,18.1,1.0,0.996
1.4136694431406753,1.370571758410359,185.86120717100619,0.17664409783227997,0.4055596825663277,59.232703190414874,3,2.376,0.736,522.6,5.6,55.9,18.0,1.0,0.975
0.8787934499724712,0.461412975239164,239.54153087725425,1.4765622693819203,1.4157902628177075,13.913063232379434,2,2.562,0.373,480.1,4.1,70.0,18.3,1.0,0.66
2.5971302895676445,1.4652196785551943,116.36567353479722,0.9698714491513512,0.9766722034796904,8.840910124163276,4,2.396,0.376,521.6,4.0,67.8,17.1,1.0,0.699
2.303288943402011,0.14350895051769041,155.55075795296227,0.9908690697318656,0.8072825130430495,18.953737621078925,2,2.406,0.019,519.5,5.0,58.6,17.0,1.0,0.5
2.9218851374913735,0.895064656501696,150.42350021051533,0.08167804047810562,1.0883717621216031,35.44283577908585,3,2.235,0.126,558.4,4.9,61.0,16.0,1.0,0.5
0.5100271301863062,1.8690398334948906,172.68487368698356,0.21127264267570162,0.10694849712769477,36.36424494949587,2,2.352,0.345,526.8,4.7,61.7,18.8,1.0,0.691
0.43304372703077587,0.706243533203284,247.65127902317928,0.11805618791433309,0.10270455327639644,15.93478511356458,3,2.504,0.348,496.7,4.7,62.9,14.6,0.792,0.836
2.830884004296026,1.4074159349732998,231.03450875985143,0.6481933676331325,0.4425843675041511,26.052457276589873,1,2.353,0.347,524.1,4.7,65.1,18.3,1.0,0.603
0.31911698069054906,1.04646937403624,110.42932734995446,0.38293190458724274,0.9064786972935075,54.590866852660405,0,2.278,0.501,542.6,4.6,65.0,18.9,1.0,0.777
2.4098987365128743,0.10037094771878068,176.27282829841488,0.11996881825244576,0.520170864377544,58.46827599647682,0,2.309,0.0,537.0,4.5,64.5,19.6,1.0,0.5
0.4245832261445589,1.7626048948531303,201.30934788626175,0.9390517459309197,0.43037260132368366,50.826411323436176,0,2.37,0.434,529.9,4.9,62.2,19.0,1.0,0.667
1.0651678601181147,0.9618606003975504,87.15574202043197,0.4485294471162333,0.9683159475466762,31.540521355736303,0,2.3,0.862,540.1,4.9,59.7,19.5,1.0,0.992
0.33018460105142927,0.7820841694310701,115.38929422504174,1.045055197420662,1.0527658956474202,43.929785788884146,0,2.3,0.517,538.4,5.5,58.8,16.7,1.0,0.717
1.7708543524461782,1.8846680470798087,144.87931245872983,0.5660912319538814,0.4540748354465674,14.779886050317613,2,2.402,0.786,512.9,4.3,66.9,16.6,1.0,0.939
1.5251659182763093,1.8066264408707637,105.91246099342298,1.1657261325357684,0.05308548604789598,2.818478069251381,2,2.294,0.708,537.9,4.9,59.9,18.0,1.0,0.875
2.2440271497367186,1.9780378122820796,226.16517918124856,1.0477231106758285,0.9527095231871465,58.84671250950998,4,2.44,0.621,506.2,4.8,63.0,18.9,1.0,0.954
2.986091701681569,1.5344673719654638,82.67721793379104,0.7513510512260114,0.6569926454364134,40.890637390664175,3,2.218,0.319,558.4,4.8,63.9,18.0,1.0,0.646
0.3819606155317964,0.4088113357346461,143.7097215051286,0.1515945704215506,0.08795882273495409,9.3737293561721,0,2.403,0.626,511.0,5.1,60.2,15.1,1.0,0.943
2.379415768041912,1.6286528862845848,156.77338367523055,1.2716765691508645,0.2800936179830717,55.697074841545195,3,2.426,0.504,513.1,5.0,60.0,19.8,1.0,0.787
2.106722991677491,1.0505513295113853,227.53457140671281,0.19225064318981538,1.2455536690441331,2.514636455985932,0,2.48,0.375,501.5,5.2,62.0,17.1,1.0,0.632
2.744687468025219,1.5042230204741285,165.0301113504441,0.5203609914690116,0.40198474052749195,30.231169581128857,2,2.326,0.408,533.5,3.7,76.6,18.7,1.0,0.657
2.375360785915855,1.3141846736694185,94.4717670818376,1.176360613451128,1.1057666330041125,53.31476825966316,1,2.347,0.394,527.7,5.6,59.2,17.6,1.0,0.685
2.9769777085238736,0.687190747636606,113.31384076155685,0.8345896894295801,0.8325021459818174,36.690353634109215,1,2.219,0.047,559.6,4.8,64.5,18.0,1.0,0.5
2.3486114764808916,0.7990528995623581,148.85078333536225,1.4434260954622717,0.3274638037875902,39.24722013318676,3,2.4,0.081,518.6,5.6,54.6,18.7,1.0,0.5
2.1640057549423104,1.6198684146874098,243.7987377117519,1.3650815707565818,0.9271831853363663,12.44267851818746,0,2.494,0.643,490.7,3.7,74.3,18.2,1.0,0.847
0.8844722205786664,1.4841091525283852,83.55475963090731,0.5717868822710246,0.9148546282103629,11.736670776048626,2,2.199,0.527,561.4,4.6,61.9,18.3,0.993,0.845
1.7125642984300615,1.8307065532269249,248.7839270530313,0.7361304977624907,0.7396390945895368,15.532191721640345,0,2.518,0.822,491.9,6.1,54.3,19.4,1.0,1.0
1.3483561813428708,1.6162387176722444,191.62363307884777,0.7368449795681067,1.06362167414772,42.62572528872584,0,2.45,0.776,502.7,5.0,64.3,17.8,1.0,0.92
0.2695387802782783,0.6349567472505935,237.395803907984,0.7488333212462581,0.7055185513362401,28.47993931144933,1,2.486,0.546,500.2,5.0,55.5,18.4,1.0,0.765
2.998156863645049,0.5792077991447039,138.19546131608104,0.8802526517763476,0.2655763331825156,20.386610121264216,0,2.374,0.051,519.7,4.3,64.3,17.2,1.0,0.5
2.2428562485743755,1.0600357389839674,195.5024043205773,1.1636204897318048,0.7354610329178386,16.484430959971107,2,2.476,0.224,502.2,5.1,60.9,19.4,1.0,0.613
0.9128328355114362,0.3293497272468632,219.43027782869396,0.034773269050983546,1.0808832100319317,55.47550662868786,0,2.541,0.157,489.5,5.1,59.9,18.0,1.0,0.5
2.975323994917821,0.41753031802002194,85.85801095514299,1.3909024010295001,0.8028540746246944,28.599726894508407,3,2.382,0.022,520.5,5.4,54.9,18.0,1.0,0.5
1.1536861144438724,1.3012010609627922,173.96259939284494,0.4950341519704984,0.08798683257217221,21.853931694053674,1,2.364,0.767,521.2,4.9,61.0,17.8,1.0,0.908
2.0788011524483556,1.9125348252115935,169.08350203679237,0.718998934198037,1.1910191269147683,4.207800387106562,1,2.445,0.798,503.6,4.5,64.7,18.6,1.0,0.994
0.6096422234543438,1.1844886142055644,181.91042494167831,0.4298220005800069,0.9636540146254367,23.385767747383838,2,2.428,0.507,515.6,4.3,66.1,17.5,1.0,0.837
0.3010928958962195,1.5104661625819067,92.36261337172996,0.6767007789046744,0.8029865339803655,8.563881361325457,3,2.298,0.359,536.6,4.8,63.3,16.7,1.0,0.708
0.6070950279864535,0.7428212050462553,184.19972132903445,1.2158499471888362,0.10669086715501847,50.00577932997168,3,2.371,0.618,517.2,4.6,64.8,17.9,1.0,0.953
1.1039085799543584,0.4329257049949211,128.41325451241966,0.611712533054198,1.0190878139618587,34.50428487783762,0,2.414,0.24,510.7,5.0,60.2,19.6,1.0,0.5
1.278526079206192,1.2300962919116907,164.28847614297803,1.290296784999062,0.798657195413563,50.15087821226891,4,2.441,0.709,507.0,5.6,53.9,17.6,1.0,0.985
0.44433623267197997,1.7434043019690348,184.11979276648805,1.000334409281756,0.39510047890068656,18.235559454822337,4,2.216,0.365,561.3,5.7,51.5,17.0,1.0,0.692
2.6716158890440402,0.3300859468480085,233.05174550615314,1.3922628313615362,1.1587979001705526,20.025114755546618,0,2.372,0.031,519.4,4.7,62.3,18.1,1.0,0.5
2.948338653295034,0.48108485664468115,165.93039355089323,1.4714991206556163,1.004480777736991,32.77579264296226,0,2.438,0.0,506.2,5.1,61.1,17.8,1.0,0.5
0.3905245735916789,1.9549003511788412,235.04225476900695,1.1020803934808154,0.6266138029248444,6.0060349628151855,1,2.383,0.407,516.0,4.7,63.2,18.6,1.0,0.687
2.7332955733203326,0.2366584628491381,214.04653035225547,1.215815223617315,0.4136188204594468,45.93453580479408,4,2.434,0.01,510.4,5.7,51.6,18.1,1.0,0.5
1.005079231456685,1.6669347257178257,239.52143385383243,0.9513822934391942,0.14279046474205637,13.205028988911248,3,2.374,0.563,523.3,5.5,58.1,18.9,1.0,0.866
1.5756563592407893,0.25113550043383526,111.84052857478457,1.291304691399513,1.230555853381025,27.844072149969424,3,2.306,0.003,537.8,5.2,57.9,18.4,1.0,0.5
1.4488246013554509,1.334695205269093,123.7096719725844,0.09096091336376816,0.7057456820160934,17.930449090085794,2,2.378,0.756,518.3,5.2,57.6,19.0,1.0,0.922
0.31707532907719105,0.14811043817917444,92.91271762911374,0.37166113857434474,0.40028371451608397,6.97267273698059,3,2.268,0.26,545.5,5.3,55.7,18.2,1.0,0.5
2.104433376889017,0.8148922418661476,119.10260000717635,0.5572344044638842,0.27280643688289014,5.166282504428015,4,2.254,0.143,548.9,5.1,62.2,18.4,1.0,0.5
2.462141849804724,1.2243554754203454,208.91345368344588,0.6036210625352464,0.9250907217089523,36.188959516057224,1,2.395,0.354,520.6,5.7,58.3,19.1,1.0,0.621
1.6415495315363342,0.5512753181464909,246.17269824612706,0.028818378021434665,0.19949166493433085,20.893067003591717,0,2.506,0.103,495.5,4.5,64.6,17.7,0.919,0.5
0.750638198510379,0.8556214786687241,208.62764141447417,1.0354285255385118,0.32365407879438474,7.142342435467278,3,2.384,0.707,521.3,4.9,61.1,17.4,1.0,0.923
1.7495274093557234,1.6261819756214013,95.02443175622669,0.49657242880022334,0.6014503429071261,59.34844208420651,0,2.283,0.826,541.0,5.0,59.4,18.7,1.0,0.958
2.077050590231822,0.8726080558558078,128.12517496089941,0.0244545538089897,0.18488771931718212,12.045349558867105,3,2.358,0.162,531.0,4.7,62.7,17.8,1.0,0.5
1.087931746040844,1.987402030676557,157.8776646454608,0.00836592518767465,0.20815967812880026,50.21518399115431,3,2.4,0.371,517.1,5.1,60.8,15.3,1.0,0.814
2.6737022822610537,1.3933606505305585,94.47706485922343,0.8566093523309084,0.7979552463082833,49.0806366788271,0,2.341,0.396,521.7,5.4,54.7,18.3,1.0,0.719
1.4308567486537083,1.1034873242236403,193.57803771059963,0.2196549284675292,0.8479759139754693,19.429549236669455,3,2.414,0.593,513.4,6.0,50.8,17.9,1.0,0.856
0.4392903309318963,0.24977230971362469,203.11315027304778,1.2445528561717916,0.5315842211493951,56.594821516169084,1,2.372,0.444,526.1,4.3,66.4,17.9,1.0,0.67
2.414027130896663,0.44799058106008405,114.46511230722427,0.6197563200198222,0.09106728069609504,33.010418215514136,0,2.291,0.0,543.7,5.7,53.8,17.7,1.0,0.5
2.3869413742618635,1.3972772841268835,241.3379580652205,0.11608901563624596,0.7232901463210465,32.434028098257436,4,2.455,0.38,507.3,5.0,60.2,18.5,0.969,0.683
0.21465838365929943,1.3052612468013807,199.57090466363235,1.0782764381181158,0.2901892977299445,26.958586770146894,2,2.407,0.4,513.3,4.5,62.1,17.4,1.0,0.667
2.2661279808418473,1.4611810527297493,190.4185534201386,0.6697087202214873,0.40604602726187844,49.55806093055552,1,2.41,0.515,517.6,4.5,65.0,18.4,1.0,0.746
2.1478258326427495,0.15050354945676497,178.96874861476522,1.411790816095784,0.5493197344335228,2.281769866495836,1,2.395,0.0,512.9,5.6,54.9,17.1,1.0,0.5
0.30533619434010606,0.8607180947965012,132.82789827511155,0.06936998425608332,0.11205725607262057,19.044685098757892,0,2.348,0.344,530.0,4.9,64.0,14.9,0.913,0.766
0.9305695351946905,1.9369324103538652,136.52716410990388,1.4846919568672445,0.08429826337546487,20.011303925506425,4,2.298,0.466,536.8,4.1,65.3,19.9,1.0,0.77
1.3447730717162585,1.8925487453095498,227.74943890152275,0.07479634370986843,0.3258059038868685,42.272319744161855,1,2.353,0.5,527.8,4.8,63.2,18.2,0.961,0.89
0.1209835568081875,0.7071786917121812,197.1330282776412,0.25611096366821756,0.5319548749161884,31.88960498010534,0,2.386,0.386,522.7,4.8,61.1,19.0,1.0,0.648
0.9380137367750456,1.6204584444463093,206.72176889719964,0.5813089623430916,1.0139080477260753,39.55432806280886,3,2.381,0.553,522.2,5.2,56.0,18.0,1.0,0.833
0.5820999649867034,0.8356014689076141,87.75039850210587,0.11948984298950582,1.2841697360167106,40.4909986235927,1,2.337,0.636,528.9,4.4,68.6,17.3,1.0,0.868
2.244353401473425,1.6816142902569393,212.3843188893825,0.8563957217298654,0.8011716223689074,57.69947794996794,0,2.525,0.651,492.7,5.4,55.2,17.4,1.0,0.892
2.5279249081519364,0.7516202479466969,141.24706504834413,0.1790099711525952,0.15625678420180245,9.032751849395574,0,2.352,0.061,531.4,5.1,58.9,17.4,1.0,0.5
0.1893894199394512,1.920543415607866,124.86740933060194,0.44705021297165687,0.5604311217368529,7.247600834155546,2,2.445,0.387,505.1,5.9,49.5,18.8,1.0,0.654
2.203031682450376,0.8783777196683004,121.77237785024718,1.1593811616195702,1.1991130182897964,4.128139517229581,0,2.341,0.194,530.3,6.0,54.5,18.1,1.0,0.5
0.7744803325046893,0.5367655697549454,195.3825836379376,1.278042217476473,0.11600056231532269,5.6171867163932125,0,2.407,0.605,515.2,5.3,59.5,18.1,1.0,0.767
0.9841666745109893,1.5211471783729642,124.72133431466949,0.15896911399090302,0.18378574787281132,42.73970075198507,4,2.266,0.4,540.7,4.5,62.3,16.9,1.0,0.912
1.8023168204464273,1.2964538421461649,138.5046181598752,0.4664646315937998,0.8828729522218188,49.27836891951184,1,2.304,0.585,535.6,5.1,59.9,18.3,1.0,0.843
1.5247901604745175,0.6308363431111652,165.14965507348518,0.6527682671679942,0.989472971054874,41.02035243493272,0,2.352,0.256,531.7,4.7,59.7,17.2,1.0,0.5
2.6688235574752475,1.7790213456160666,216.7099408856566,0.01533743396637216,1.3964690114647111,30.467493663531098,3,2.472,0.514,500.9,4.6,61.7,16.3,0.99,0.801
0.30573504451667777,1.357201571047115,197.1625801245741,0.03486706305502091,0.8959050397171342,25.952515349871252,1,2.36,0.403,525.7,5.7,53.7,20.0,1.0,0.687
1.8561110316933778,0.6356009593624429,177.21972138862756,1.251794130637306,1.0146187166268006,26.487310892259813,1,2.402,0.171,523.5,5.6,57.3,18.8,1.0,0.5
2.5440204282535843,0.11084536793890076,240.0348550734328,0.453932373587798,0.3228121761507051,23.92050061980546,4,2.439,0.013,509.9,5.3,58.9,17.1,1.0,0.5
0.3988295260703405,0.5071060903671335,210.23715960452412,1.0655812894862855,1.1306060984427875,21.968675486694778,1,2.46,0.658,501.0,5.4,56.1,18.1,1.0,0.916
0.7609474337024917,1.5795918275840894,113.01438770007135,0.2103024119812109,0.5309988636525462,31.739087764917766,0,2.345,0.601,529.3,5.2,60.6,16.9,1.0,0.792
0.3393326719580818,0.1897409271928652,172.59495551239263,1.308777104253305,0.4478344186471345,56.06926986573262,1,2.343,0.401,528.1,5.6,59.7,18.1,1.0,0.702
2.3226659593324617,0.864229720243968,243.7031240644023,0.9127119845729038,0.5348606331602404,46.96656378283037,0,2.488,0.153,498.4,5.9,55.4,19.1,1.0,0.5
2.8617169155722704,1.67869921807843,173.7610790267047,0.06286177075749727,0.7654330526651395,55.72158296639961,0,2.417,0.483,514.9,4.9,55.9,17.9,1.0,0.695
0.9099323570324148,1.2067321915942781,217.6716491201613,0.7517263000385821,0.8291375103236032,45.136463396992156,0,2.445,0.76,503.8,5.6,60.6,18.4,1.0,0.906
2.190897754548217,1.4481401153428715,198.52537133859352,1.2876482840281336,0.08718979680033256,16.396727523189924,4,2.485,0.44,500.1,4.6,60.6,17.8,1.0,0.804
0.8932276371296571,1.7739568027030752,114.38479440168912,1.3940759794177244,1.1171721887240318,45.82970405936094,0,2.402,0.549,517.9,5.1,56.3,18.2,1.0,0.843
2.896026561460302,0.8814200754428174,165.53107220723652,0.8785790542020054,0.4265534058721781,33.69342744968647,1,2.338,0.124,532.9,4.8,60.5,18.9,1.0,0.5
0.2640473393730629,0.47585228882321406,171.48356733728804,1.1788750047294418,0.2662782630263731,54.12017014817978,2,2.425,0.517,516.8,5.4,54.8,18.4,1.0,0.837
1.7227970140092292,0.7543894658720987,124.26293649508258,0.39000114228254906,0.5666162392147636,59.89129937216139,0,2.342,0.26,524.9,4.9,63.2,17.2,1.0,0.5
2.8639529541583264,1.3386823344644594,142.55857521543965,1.1648728518808324,0.06388497486355144,29.685924385574644,0,2.422,0.297,515.4,4.8,61.1,18.9,1.0,0.589
1.0599749357996684,1.7236515421781566,162.80406187447898,1.0928859266557902,0.8445225977273056,7.134453301897933,0,2.42,0.672,510.0,5.3,56.8,18.0,1.0,0.836
1.2373874240244942,1.699933423139798,169.41276700721167,0.06882655689169231,0.9329955952129363,58.134029639607775,0,2.355,0.705,524.9,5.5,54.0,19.3,1.0,0.888
1.8753116635683038,1.8077038377517731,206.5655329953326,0.15318517294244022,0.9528573511220366,57.59167009070977,0,2.429,0.864,502.1,4.5,67.0,18.4,1.0,0.998
1.2166167024277161,1.2605183669527458,142.16021938922987,1.0583824338871124,1.424898197896229,16.7892508196549,0,2.347,0.884,525.5,5.0,60.7,21.3,1.0,0.996
0.9013650409123923,0.3320854709847062,121.4801446551902,1.0030450810477427,1.2741970600646326,21.377808416898805,0,2.338,0.153,528.2,4.0,69.7,18.2,1.0,0.5
0.999553896560083,1.0565818126735396,91.76202243906639,1.36500928606225,0.674168708386651,29.4309408874446,2,2.35,0.779,530.1,4.7,65.2,19.6,1.0,0.975
1.1096396077372679,1.7009859617958853,209.3969654221978,0.0403175695546224,0.08238021979889104,18.44583799450055,0,2.499,0.416,500.2,5.3,60.1,15.2,0.885,0.861
0.5776892598681954,1.2594194400321985,159.85937524491868,0.13854381886524486,0.7146855339516129,56.49527777544922,1,2.417,0.532,513.4,5.6,49.4,18.2,1.0,0.759
2.0390734921129328,1.373045386832808,230.7814442821475,0.6098142683293306,0.4123485837948584,56.51818977751048,0,2.414,0.595,510.9,4.8,58.6,17.5,1.0,0.793
1.8757733954463227,0.262108492910797,159.6592116816924,1.3458329927786963,0.03178041325555564,56.71791318269707,1,2.353,0.0,531.1,5.4,57.1,18.3,1.0,0.5
0.6694214347781061,0.8663312438235697,100.96319623002486,1.1111767215081925,1.4082163874248281,53.25990872920489,2,2.279,0.684,541.3,5.7,56.3,17.7,1.0,0.91
0.8794347404229063,0.9283036743120626,196.8210648735958,0.47884888030733064,0.868663036568876,10.13865234180695,0,2.548,0.847,486.3,5.0,59.6,17.2,1.0,1.0
1.5638356553932662,0.2160129808878477,221.22721053212302,0.2520166743424973,1.275591918826118,1.377983566434822,2,2.349,0.0,525.1,5.3,57.9,17.7,0.985,0.5
2.7001450924751365,1.967493773658183,148.99164970699496,0.19188281515835598,0.6477963467295964,8.189816280296192,2,2.353,0.591,528.6,5.0,59.7,16.7,1.0,0.849
0.28382574969280205,1.4227633278578862,121.45294185263808,1.3299521355384867,0.11981744720639892,6.818667544109646,1,2.374,0.409,524.1,5.4,58.4,18.0,1.0,0.637
1.9165507958249435,1.9684318324249235,106.43416246030068,1.4222843859129857,0.3145027200116168,35.66662967865683,4,2.317,0.701,535.9,5.3,58.9,18.1,1.0,0.965
1.2304816054433665,1.1960689539833707,177.13533722096957,1.4165248548157239,0.38016372069854676,22.52860478985189,1,2.45,0.872,508.3,5.0,63.4,17.8,1.0,0.995
0.9994963214056617,1.7007468941990675,170.58907816759302,0.45087158560676815,1.0522395714826351,51.52264739102359,3,2.508,0.513,494.6,5.7,51.6,19.4,1.0,0.838
0.37820070582101895,0.20052693568277946,136.25450235627227,0.24298891912062598,1.0445627825394401,58.09691323928154,0,2.368,0.352,520.1,5.2,61.6,21.1,1.0,0.68
2.7242832154519583,1.471775170245339,151.43818402858486,0.37271728486854055,0.333503939338703,44.63509081168661,0,2.296,0.392,540.0,4.7,63.4,17.0,1.0,0.617
2.1469494262049778,0.42451471419179865,111.30416839259831,0.9685335752127588,0.8809369767289599,33.9457291430494,0,2.409,0.032,517.2,4.7,62.4,17.8,1.0,0.5
2.4284639612829744,0.6624818925055612,230.51444625812732,0.9348787595556429,0.8614562445452063,46.63801578050439,2,2.474,0.085,502.1,5.9,52.6,17.1,1.0,0.5
0.6088661381568542,1.1755851018080037,161.95269035665154,0.5574658661705554,1.375644117958318,8.055284084367482,3,2.403,0.527,516.6,4.7,61.9,17.2,1.0,0.826
0.9498954998288096,1.1164596720849307,151.3457241037721,1.257842164428045,0.5012432450591857,34.266538258170904,0,2.405,0.713,518.7,5.6,57.1,15.0,1.0,0.891
2.0253985030716195,0.9211556081606482,195.4436294671056,0.8038851141609558,0.8369510300681977,58.241039828628004,4,2.431,0.173,510.1,5.5,55.2,19.1,1.0,0.505
0.35175631987812384,1.875070865736927,185.04864720724436,0.10094968513847002,0.3704194575751506,6.587682926305222,0,2.479,0.448,505.2,5.2,57.6,18.5,1.0,0.673
2.945471965780841,1.666829919784162,218.38272831794708,0.08634112250179393,1.1140616712746112,23.421885518563357,0,2.432,0.446,513.2,5.0,59.4,19.3,1.0,0.693
1.7413972729427871,0.44610459142635284,128.89101062906389,1.1313210430425467,0.8719017674438321,29.203653381681022,1,2.305,0.078,538.1,5.4,58.5,16.7,1.0,0.5
0.7184727578459559,1.9530432010339716,105.5306136563411,0.6140929099273283,0.42364213678352886,3.0124169271016434,2,2.361,0.42,527.7,5.1,58.6,17.9,1.0,0.796
0.401120562823268,0.6961231040583908,223.34067659290926,0.8270284627878479,1.4121729314851312,48.57372903799756,0,2.364,0.61,522.9,4.7,63.5,19.3,1.0,0.832
2.048766779877916,1.719242580022011,196.372156073387,0.6255636504976447,0.7854037761544501,35.072348471372806,0,2.448,0.779,507.1,4.0,65.6,16.7,1.0,0.94
0.4978027242103159,1.412967557195012,223.7050133160786,1.3287208219227629,0.3500869729446415,36.38767341633286,0,2.504,0.526,492.4,5.1,58.7,17.1,1.0,0.721
2.337611131989534,0.26913392342624287,219.83904374551423,0.21899018735366604,1.0965968412391371,5.186067497626598,4,2.433,0.004,508.7,4.3,66.5,18.1,1.0,0.5
0.7217133759181631,1.333754385922715,194.82639149086918,0.7784465412606345,0.964806832751399,34.09207499729808,1,2.412,0.53,510.6,4.9,57.9,17.0,1.0,0.788
1.8534324452181459,1.9627433725200378,229.9149271120329,1.1698885264003036,0.37617843953269453,22.201799925967535,0,2.44,0.857,508.3,5.3,52.4,17.0,1.0,0.966
1.9294479805696723,1.4306223497765533,100.35892343496282,0.7197735969251422,0.8060327117431667,54.18239358954223,2,2.354,0.611,527.1,4.3,66.6,17.9,1.0,0.849
0.8302787932677734,1.8671265985450505,82.5338497068401,0.46787049757613436,0.41273251136412037,23.030911615186913,0,2.362,0.593,521.6,4.1,67.9,18.0,1.0,0.793
1.386885981486791,1.8746492913354784,117.97690846099148,1.1640814776846329,0.010024447956246352,25.11628426711586,0,2.162,0.768,573.3,4.4,67.0,18.9,1.0,0.96
2.9967507760485144,0.49954539069338133,241.67465706624307,1.277342266557973,0.698742296188186,40.32438071269057,0,2.429,0.0,507.8,4.9,59.1,19.1,1.0,0.5
2.6286695393317605,1.1067989377474015,81.13896127995447,0.6324100641731274,0.6079450171223992,46.48041399866841,0,2.38,0.268,520.7,5.6,53.8,19.8,1.0,0.507
1.7754480236306698,1.549314260633753,153.51793411676164,0.4116951862764445,0.4506911933829319,34.46849754927696,3,2.341,0.684,530.7,4.7,62.1,19.0,1.0,0.906
1.3410807672615987,0.1626741628048387,160.1036165599281,0.9550355447869432,0.9193228048543463,5.928222909955179,4,2.341,0.0,531.2,4.9,62.3,18.2,1.0,0.5
2.3202696719280596,1.2008643417101634,118.03055947895682,0.0662885857343482,1.0640237616080122,27.799959273764625,4,2.301,0.341,537.7,6.0,54.4,17.9,1.0,0.567
1.4375766417194038,1.9420671642552894,120.91217685784359,1.396351838600678,0.07445960707941146,29.935828944252236,2,2.334,0.631,531.6,4.7,62.1,18.0,1.0,0.893
1.891299425079018,0.36322787219943053,217.5861978243282,1.1998558343351802,0.23948154603704735,11.762683509723555,1,2.504,0.0,496.3,4.9,56.4,18.5,1.0,0.5
1.128824674898663,1.673541284342798,159.222487451,0.22085908988394054,1.1803426533451638,49.03248898058844,3,2.374,0.575,522.9,4.8,59.9,21.1,1.0,0.853
1.330666224059918,1.932167916868159,115.91656091391376,1.2708116744415079,0.43706288907041263,3.9105554659989754,3,2.306,0.547,536.9,4.9,59.1,18.7,1.0,0.848
1.7855868498557734,0.8943222008000756,146.60647962282997,0.8490654711406509,0.5291445414935465,48.782976954468616,2,2.383,0.254,520.0,5.2,60.0,18.7,1.0,0.622
2.1707009687056686,1.5171993290496257,88.77036658506908,0.8798528308523883,1.2634084328866622,12.660159391106136,0,2.306,0.58,541.3,5.5,54.2,18.6,1.0,0.843
0.5905021959718243,1.9361379408101635,107.27680381952202,1.078291987084717,0.6732368499432502,36.34066235199412,2,2.397,0.458,514.7,5.1,59.7,17.8,1.0,0.719
0.16921062592416902,0.18274847722335202,115.65740524403087,0.27263930084355964,0.7212305151989247,17.524776332764972,0,2.333,0.801,528.2,5.4,58.8,17.8,1.0,0.958
1.0739240019158682,1.4101737873405142,224.7487804029113,0.45530261839631675,0.18501848258305098,9.095337256683777,1,2.378,0.691,526.4,5.7,55.2,16.4,0.998,0.93
2.7255935169549925,1.0026399601164162,159.9610833936788,0.36603268495931707,1.385526848738481,35.131532389533824,0,2.374,0.167,520.1,4.2,71.0,17.3,1.0,0.5
2.623613636610228,0.9078717187593287,192.3044869146689,0.3709060799829584,0.3148552629175316,14.750830401095211,4,2.426,0.158,513.3,5.1,56.2,18.6,1.0,0.5
1.8012729951849735,1.3909234149774674,186.55740466669812,1.244544654023931,0.2473894797226523,38.84516499677772,1,2.455,0.694,507.8,4.8,63.2,18.6,1.0,0.94
0.26037901006115843,1.7449535541634893,95.88271508447613,1.4900103926759931,1.1221299831569307,19.080705061625377,0,2.237,0.426,553.6,5.9,52.0,14.9,1.0,0.665
0.2569327501564189,1.6081165522453988,241.14018795070027,1.3991638444547612,1.1633459689521262,33.728796965964214,0,2.498,0.428,494.3,5.5,56.5,18.3,0.988,0.612
1.866008845850154,1.7689013315107067,85.76474145678031,0.9692284265432362,0.5866452783589402,47.81248225940527,2,2.264,0.759,545.6,5.1,62.1,16.3,1.0,0.968
0.40484681656170585,0.3888722363461521,235.9977436870115,1.038714884879778,1.3260693999713764,24.683620339234633,1,2.447,0.844,501.1,4.3,67.1,19.5,1.0,0.992
0.16639451942427175,1.7504870585375543,110.93612648674626,0.8437990358856043,1.2813564505439796,13.391050778217723,3,2.312,0.308,534.0,5.0,56.6,17.3,1.0,0.605
1.9107642841602472,0.3333456749306153,192.00835367482244,0.6216807568508316,1.441040189096209,54.23162953543673,4,2.379,0.0,521.4,5.5,54.7,20.3,1.0,0.5
0.8007140785215869,1.4920076571386398,189.10840226746495,0.6412594261925271,1.2002072075002288,57.29418758828439,0,2.403,0.571,520.9,5.3,59.6,18.5,1.0,0.827
1.5599717030297557,0.4958696834996691,120.04284426275831,1.0924488414155415,1.4058769146676662,30.31376738429362,3,2.346,0.099,528.8,4.8,63.5,18.2,1.0,0.5
2.620271160658486,1.1412484644416891,102.379260115358,1.0179089565946398,0.9860203418861224,5.812684910002997,0,2.268,0.262,543.1,4.1,64.8,15.6,1.0,0.5
2.1659039035956646,1.8225075487363638,139.66686027124945,0.17413094584981165,1.3325206847244933,19.470624968874986,3,2.351,0.654,526.3,5.1,58.6,18.8,1.0,0.944
1.3227692549492591,0.6748062546133697,95.87437803250303,0.4793332082928904,0.8677490448972422,29.795506185335608,1,2.279,0.374,541.8,4.4,69.4,18.4,1.0,0.607
0.43509995105439914,1.1929877999896088,160.43076608904298,1.3547552930445046,1.2992023896746066,41.962398177745726,1,2.375,0.463,526.5,4.8,60.8,20.0,1.0,0.698
1.4798281179212491,1.6526850002288749,120.15003806650341,0.9156851786346953,0.18221764849040584,40.698868096716616,3,2.424,0.693,510.2,5.8,53.1,19.2,1.0,0.968
2.9439214890091194,1.2412258960279905,117.64734395468324,1.4493938612192292,0.6087278503657496,40.15593767060712,3,2.381,0.201,519.3,5.4,60.4,17.1,1.0,0.5
0.8737754092936411,0.5307061667404398,128.96852280045692,1.481073438768973,1.1566433675817067,25.076487504856605,4,2.297,0.395,540.9,5.5,53.6,18.2,1.0,0.738
0.6046823098575079,1.0624174439695713,215.58669822218926,0.19783700138353066,1.1710591742493361,47.07191197212505,3,2.494,0.498,496.5,5.3,54.4,19.2,1.0,0.836
1.397658800164312,1.0404544326425158,244.3622794986106,0.8099363340926731,0.9515919126292549,46.4206396637304,0,2.525,0.618,487.8,5.1,61.5,18.2,1.0,0.87
0.7987424810931635,0.5578267199596023,101.37953007842096,0.03857507358143286,1.4950871824157423,30.423422910304215,3,2.396,0.526,522.9,5.0,59.9,18.2,1.0,0.773
0.9005607845032887,0.29263346926297384,195.3716299999681,1.1765863682168383,1.1513585448777646,9.82248235553718,1,2.458,0.141,504.4,5.8,53.6,18.2,1.0,0.5
1.0245904093930145,1.5616834219659026,219.58962158139363,1.4819827936633323,0.7239805900838036,29.22556134298045,2,2.496,0.554,499.7,5.0,61.0,17.9,1.0,0.888
1.0967385206729106,0.4274781128039644,212.20977452774818,1.4447932131414036,0.14607349386439933,27.559793119554804,0,2.371,0.281,520.0,5.0,57.9,16.7,1.0,0.5
2.0370222854377524,0.7308247172224331,119.68934150664458,0.21943455739847795,0.8445313421885887,22.70372050182527,1,2.432,0.202,507.0,5.4,57.2,17.3,1.0,0.5
2.678592670379953,1.4088108675355102,95.28509003498232,0.37088937057636584,0.7757200817242017,53.375797673116416,3,2.308,0.306,538.3,4.9,63.7,19.0,1.0,0.646
0.26491758061177534,0.4022500202228667,190.1032202694998,1.1428402911878712,0.8015141699584892,47.824466162225555,3,2.474,0.574,503.1,5.0,60.7,17.5,1.0,0.818
1.2758972507011892,0.920159095018593,125.05016590671292,1.0645003903314496,0.08732643544822433,36.410193193743304,2,2.435,0.608,508.3,4.1,69.1,18.0,1.0,0.842
0.31089620603359247,1.0132218524657115,110.99388158148625,0.9159930853538977,1.3057856023171928,6.043942150979919,2,2.305,0.481,532.4,5.0,56.9,18.4,1.0,0.699
1.4260760936985521,1.2629146178673587,178.19311040972403,0.14649970074618412,0.6143084274775754,50.13698877594878,4,2.389,0.743,518.8,4.4,64.8,17.8,1.0,0.92
1.473467838356171,1.0586746805905165,221.29796607024076,1.0034568664937251,1.2899542597300668,25.681331504574874,4,2.463,0.52,503.3,5.2,55.0,18.3,1.0,0.851
2.63357010346814,1.5126630040594673,149.74398971829268,0.863431628342066,0.6082015418489605,28.34897284535316,0,2.364,0.47,525.1,4.9,61.5,17.2,1.0,0.726
1.4887861990200122,0.12851233663096237,82.8916090156166,1.2027814583731038,0.9084809887065863,16.693338119495806,3,2.266,0.0,541.1,5.7,54.7,16.9,1.0,0.5
1.3881274029304629,0.6214728274962175,245.55916878553253,1.1165052686247634,1.0745070908631125,14.848534498384621,1,2.431,0.247,512.0,4.5,63.1,18.3,1.0,0.546
1.9146721878676323,0.9722345093184562,162.66206800040715,1.2524825240883155,0.8673279394366291,46.899645350876895,3,2.453,0.327,510.1,5.0,59.0,18.1,1.0,0.603
2.9754642720736295,0.27775339681250777,156.1766071405028,0.27776074251053184,0.29597968861469603,15.188171369735587,2,2.453,0.004,504.1,5.8,53.0,17.2,1.0,0.5
2.5862636940152557,1.5378372629488888,236.0054829975118,0.35865583755635444,0.6703894914184848,52.76704528144461,3,2.521,0.433,492.8,5.1,59.6,18.5,1.0,0.719
1.3609676480383817,1.8942149776304027,185.7743373564016,0.23031442777458583,0.5651963157433646,31.41870707691503,0,2.357,0.713,523.3,4.3,65.6,18.7,1.0,0.884
1.709303098479833,1.9884238750200116,202.5996470786584,0.732577611561041,1.3795932304278522,39.26535174693234,1,2.514,0.754,496.1,5.6,54.9,18.8,1.0,0.959
2.900367528593882,1.841538427368751,98.78414272635302,1.211613707157872,0.6355588599850835,38.52508333841287,0,2.302,0.514,532.5,5.1,61.8,17.7,1.0,0.761
2.5561083201599524,0.28259561449070986,98.66237622974316,0.42111709036991085,0.6935873699957107,33.87545358676645,1,2.294,0.025,541.9,4.9,60.1,17.9,1.0,0.5
1.7004907607798154,0.8429033142471819,122.82227307436494,0.2211176011904919,0.9709031112642982,42.51673588307237,0,2.334,0.341,531.4,5.7,52.8,18.0,1.0,0.573
1.720746923981806,1.1175185720419065,199.5703761142834,0.3764580516388525,1.4689189687501447,31.30674700124715,0,2.464,0.548,499.0,4.5,62.7,18.3,1.0,0.82
2.7179539080603194,0.1012393164398175,105.47513268064161,0.6651528956888706,1.1628678669500885,36.41286363428512,2,2.282,0.033,541.2,4.9,57.9,17.6,1.0,0.5
0.6331459308712297,1.842052274978149,85.30706348897719,1.1271231472012055,0.3017158096373928,26.36571631127817,4,2.307,0.413,535.8,6.0,54.5,16.6,1.0,0.738
2.9018489822547564,1.581449110092113,199.2825068170283,0.14878222471557073,0.4569043510800251,48.7984536997989,0,2.377,0.44,523.1,5.0,56.8,18.1,1.0,0.635
1.2296257824964794,1.0274186033081805,162.76659059978604,1.264708847275013,0.9227924314088262,27.380675113315167,0,2.386,0.735,522.2,6.0,50.6,18.7,1.0,0.941
2.904443964666147,1.9045115048060022,229.45869605721893,0.3905511007605145,1.0660007074868294,40.18102315911128,3,2.385,0.478,516.8,5.3,59.3,19.6,1.0,0.817
1.1117541866889102,0.8238804106114417,191.45898042613356,0.01594812091528508,0.3349460496306523,32.558159780726726,0,2.37,0.534,528.0,5.3,57.6,18.2,1.0,0.868
1.9834621449128673,1.4106115870073177,145.57772774563543,0.9024814705996138,0.9630621370688459,29.9780883005177,1,2.396,0.603,521.4,5.7,53.8,18.9,1.0,0.847
1.6292807179218165,0.3671167681804538,212.61809330846918,0.9711963100963179,1.0669596465051012,16.058853295049385,0,2.43,0.024,515.2,5.0,58.7,18.3,1.0,0.5
1.3024260141993658,1.948231609877565,191.48142087169282,0.6468957373272363,0.37478285088820606,6.053449633575464,1,2.386,0.665,521.7,5.3,56.4,18.1,1.0,0.863
1.8393114353031386,0.17852141882647518,172.92854468732708,1.4524900357923558,0.46191459368392607,10.627793447687319,2,2.383,0.043,523.5,5.2,58.8,17.9,1.0,0.5
1.1531033094762908,1.6954571183371139,123.61600987950189,0.2690607229528675,1.0613020306850738,17.317748842804054,0,2.259,0.719,547.0,4.7,62.8,19.5,1.0,0.858
0.9040370899905632,1.4886589104563677,152.70721401472048,0.23462800303779208,0.2939811406904707,27.903229430186915,3,2.461,0.575,506.7,4.7,61.3,18.0,1.0,0.817
2.254200109656768,1.4698304117578647,243.7975093023466,0.9807381390248815,0.01581940726697889,22.00036198210001,0,2.523,0.602,488.6,5.0,57.7,18.0,1.0,0.817
2.7489207960347555,1.602484561777068,148.42087512159173,0.46837543306722546,0.9781024275685519,55.50421630931359,3,2.394,0.361,516.4,5.6,59.7,18.0,1.0,0.729
0.7378311855410944,1.123831270884464,231.80096034102408,1.243435779048592,0.040993241776612566,27.65195377448856,2,2.424,0.566,514.7,5.0,61.5,16.2,1.0,0.865
2.3276340683301115,1.1293338468110765,204.30930755505358,1.334141540289143,0.022083223005081087,44.320575299629624,4,2.491,0.302,499.5,5.4,57.4,17.2,1.0,0.581
1.1250152653937988,0.8951258463116799,151.59056483664628,0.5112735768661134,1.490899694704868,59.29111840853042,3,2.38,0.638,521.8,5.1,57.3,18.8,1.0,0.859
2.6953893201256496,1.5618918977291187,99.69388302288476,0.9423269323423686,1.0464630140168394,15.997940350379126,2,2.299,0.43,538.4,4.0,68.7,16.9,1.0,0.667
1.031245025331274,0.27939528950937725,104.96526125746047,1.1479916913178212,0.9400696491408661,12.220183813826745,0,2.324,0.08,534.6,4.8,55.5,18.2,1.0,0.5
0.5586237658510139,0.1010808144219944,186.22528979669937,1.3125322250904075,0.9747590078223387,48.785187145351316,0,2.377,0.039,521.6,5.6,57.5,15.6,1.0,0.5
1.6279472930233032,1.8833347057389318,109.47412921684861,0.04680203318906928,1.3231248589263829,18.911997559233278,4,2.34,0.653,528.6,4.3,65.8,19.1,1.0,0.947
0.16414992482161117,0.7865741461895118,134.44688806503402,0.6638426054124829,0.009958393531400322,56.32133249825559,2,2.339,0.389,531.6,4.2,70.1,15.7,1.0,0.694
1.7922618088673348,1.687360563039991,247.5707164285466,0.5699838095735994,0.8587376363422681,48.17455445478698,2,2.494,0.776,501.4,4.6,63.0,17.9,1.0,0.996
1.2931907731685712,1.5384206411152879,144.311613662517,0.9317682396400869,1.4105570741030926,50.18571878116698,2,2.399,0.654,517.5,4.5,61.7,20.9,1.0,0.945
1.218522927470522,1.8965521752675978,226.85575860481865,0.1901358993831016,0.13327309877926447,51.686260659477476,0,2.468,0.518,499.5,4.8,63.2,17.0,0.915,0.797
2.8540957057502956,0.4571941656441547,173.12982982129063,0.8780483196012425,0.8886261479722488,47.387158510316866,2,2.442,0.048,505.0,4.3,66.0,18.1,1.0,0.5
1.9324480778954676,0.8784064752080231,223.9848181678763,0.08446559544999144,0.8643410629244348,50.90868463831593,1,2.446,0.302,503.3,5.6,57.5,17.9,1.0,0.5
0.562591847784037,0.3749211630330398,123.62155079418037,1.1301878741988238,1.245705908949556,23.79688959097923,2,2.419,0.51,514.6,5.1,59.6,16.9,1.0,0.803
0.8269763132810403,1.7366068173438667,119.03832400896741,0.13535091260272247,1.3982314382758223,13.936241734120188,2,2.378,0.498,523.1,6.0,53.7,19.8,1.0,0.758
1.3618214443763474,1.6279047166346996,185.85259595952328,0.7505087028314026,1.2897672290902715,25.234348805205606,0,2.35,0.833,529.3,4.9,62.6,19.5,1.0,0.945
1.8728913376633443,1.355160274504551,104.24458374602727,0.760622507750296,0.15922823343984316,28.509643379325325,1,2.299,0.558,537.8,5.0,61.4,19.0,1.0,0.859
0.6279952614800837,1.2412259864037258,110.72015191497331,0.5875511812644332,0.8593911385503101,29.956093974209395,0,2.269,0.595,545.3,4.9,59.8,16.9,1.0,0.784
2.6953875176019175,1.867692467857288,143.18417651989182,0.8123885038814224,0.7631141311823053,20.861491192848813,4,2.271,0.482,544.7,5.4,55.0,16.5,1.0,0.813
1.03151969098055,0.3400682389890624,249.1694423996572,0.1383650865346731,0.19765583977823137,24.69825165995145,3,2.544,0.088,491.1,4.3,66.6,17.9,0.888,0.5
1.0824973443127337,0.9467389691033661,187.55950826365785,1.1179265696886367,1.3743647812014,27.017903380814776,2,2.42,0.726,508.3,5.0,61.1,17.7,1.0,0.946
1.4195061686837087,1.4126118611722422,101.25512795862659,0.7823323831160901,0.9108894802867908,48.95886597148768,1,2.389,0.902,516.1,4.4,68.0,19.2,1.0,1.0
0.413703658263156,0.904444275624154,239.6108620661447,0.14668271894559337,0.8610302319652059,28.550887041874326,4,2.48,0.492,501.3,4.8,63.1,17.8,1.0,0.779
0.1777139662599378,1.4804117190111954,213.53214594109832,0.10150542726310657,1.0682144103353268,19.53650722814836,1,2.578,0.37,481.1,5.1,62.7,16.7,1.0,0.607
1.9391295779726938,0.5902789547927427,128.18067800072913,0.8848701757356043,1.1472736429397632,28.422160976941434,0,2.365,0.189,522.6,4.8,58.8,21.2,1.0,0.5
2.011999629850026,0.2027731859864515,192.55749638619122,0.6006554585140458,0.19174361735757495,45.71022797531049,0,2.365,0.059,520.1,5.4,55.7,17.9,1.0,0.5
1.741679072435631,1.824591565142699,104.47513902058216,0.4875319085125145,1.3314725333366544,26.96482992695993,0,2.325,0.918,531.6,4.5,66.3,20.1,1.0,1.0
1.515403567635693,0.2716039242650342,235.55094286363848,0.6431959448507232,1.2203271996077134,43.09257819802081,1,2.453,0.041,508.8,4.2,69.3,17.1,1.0,0.5
2.895064792409972,1.488651711436927,224.82485159439202,0.3085371733646255,0.10752043333740208,51.19730208674212,4,2.482,0.27,505.2,5.3,61.4,20.1,1.0,0.633
2.886069445523791,0.7931959412447561,112.0230954304621,0.8740267516222651,0.5569364229508693,12.363856851826558,2,2.313,0.078,535.0,5.0,60.0,17.0,1.0,0.5
0.7634882471373104,0.609022092841207,91.70970094109381,0.5585616428538548,1.279558869612418,46.18309023092606,1,2.372,0.685,525.2,5.0,57.9,19.8,1.0,0.946
0.21390845651454954,1.3526129772123454,160.19213117101236,0.7500669435187535,0.38318681696870216,11.026515294688279,3,2.379,0.375,522.8,4.8,65.6,17.8,1.0,0.644
2.9736732133574972,0.6789521185331301,132.24852120144968,0.5584833009190013,0.6196899061831762,20.608437445314046,1,2.353,0.049,528.2,4.7,61.5,17.0,1.0,0.5
2.5297929358155655,0.7847645694608789,222.44341596112525,0.9481354600881846,0.6126195771480585,1.3434692828374453,0,2.497,0.153,497.0,5.2,60.9,17.7,1.0,0.5
0.5277697789570759,0.2249011184288061,132.93996243013282,1.358063425148884,0.9706758855960433,7.566260747844639,4,2.398,0.204,520.4,4.5,63.0,21.3,1.0,0.5
0.773959476241507,0.7462712662989522,225.39222765784712,0.3654702173329227,1.3538384161829677,25.844257046388712,0,2.499,0.884,495.0,4.8,65.6,18.9,1.0,0.996
2.051320549691123,1.278476237083666,118.71126771857199,0.1821458539478375,1.495694801917871,40.4749431264001,1,2.461,0.509,504.3,5.6,58.6,19.2,1.0,0.77
0.48654914872384714,1.4990502332425437,88.43573973352227,0.8943200231344188,1.1171106866707554,1.697137027202384,3,2.293,0.406,539.5,5.2,59.0,19.0,1.0,0.704
2.4492162750396202,1.295472112860793,129.71284598839824,0.30221390500264816,0.4779502582639842,17.284234933823072,0,2.305,0.404,535.8,5.4,57.8,17.9,1.0,0.661
1.5752861149037591,0.7686120636851462,166.38774356375052,0.39854564595737196,1.0784528304191596,31.653031940464007,3,2.349,0.232,529.5,5.4,56.2,18.3,1.0,0.536
2.8175445413101237,1.0689008172712253,200.63785305879676,0.13514431703620905,0.5871407238050306,7.377468732578106,0,2.459,0.235,504.7,4.7,63.7,18.9,1.0,0.5
1.7963239116268233,1.4712805896367716,220.36814157402065,1.146687928892712,0.25926392254738073,38.05120561627744,0,2.454,0.712,503.7,5.1,56.7,18.2,1.0,0.941
1.1226325689258128,0.6428678351640489,144.06710682901718,0.8421725727751428,0.7998319814192294,54.9547137274051,0,2.297,0.452,539.3,4.8,58.3,19.4,1.0,0.649
0.9540400745555472,1.80383506996038,90.0041911220535,1.1752120811293276,1.0219142461520632,46.52761642699828,1,2.303,0.576,537.3,6.2,54.0,18.3,1.0,0.8
0.12817330906853655,1.889926294519185,186.07936023393773,0.6982282832310872,0.16743765240077813,34.979106306000794,1,2.385,0.383,515.3,4.9,59.1,18.8,1.0,0.611
2.460233116257355,1.3553534666519325,94.60233605804399,0.08404407161588495,1.3752329875020695,33.22343822918017,1,2.371,0.427,524.3,4.2,68.0,18.3,1.0,0.629
1.2267258482645405,1.365427057683445,102.32750815475734,0.13393334292065406,0.7519656530119224,55.84363066449072,0,2.328,0.745,534.0,5.2,60.5,17.7,1.0,0.94
2.891427497417653,0.8091237991105819,138.16094396396136,0.8788463095934984,1.2606733047669838,52.83629598308767,1,2.368,0.057,525.5,5.0,61.1,18.1,1.0,0.5
1.2747629579456363,0.6220069442254715,197.17955103756574,1.4962820371796464,1.4644231947568438,10.746315755266496,4,2.429,0.221,511.4,4.0,67.6,16.7,1.0,0.548
1.0639971640427064,1.1305536113263936,209.5181407769365,1.09809687312156,1.0620088547341964,57.30018668332043,2,2.348,0.775,528.6,5.6,52.7,16.1,1.0,0.954
1.8946695329461176,1.2357839082124227,164.21413560770046,0.4742011157252506,0.8284442383982598,1.4547650742627352,2,2.405,0.501,512.7,5.4,61.0,16.6,1.0,0.776
2.463745608042768,0.6523870404308335,146.28587957914266,0.33057707657493457,0.4808118883971241,27.114689732764752,0,2.456,0.109,507.8,4.6,67.2,16.3,1.0,0.5
1.6393365311015462,1.7252025222886036,101.22611355189699,0.2904076438695195,0.5671297810474927,57.35180587045378,2,2.278,0.821,548.6,4.4,69.8,17.6,1.0,0.994
1.9087629551071905,1.7820624857798055,214.412563859892,0.24333551284600424,0.9386006999283851,21.48927256467226,0,2.569,0.853,485.0,5.2,60.7,20.3,1.0,1.0
0.771135223695206,1.077591229860645,177.47047968262217,1.0603599251185383,0.9877117548743686,38.57802731737018,3,2.418,0.561,509.6,4.9,60.9,17.5,1.0,0.925
1.723319698189212,0.5034849091470471,213.07365494141092,0.29449735151298734,0.7087716955418742,31.267155975370276,4,2.435,0.105,508.1,5.2,57.1,19.0,1.0,0.5
2.8370546866540036,1.0238217654004076,84.80162746574767,0.8236676646163306,1.4481622408618677,40.970000361556124,0,2.223,0.163,556.0,4.8,63.7,19.3,1.0,0.5
0.8599745972527176,1.5789035507777593,207.53159770596858,1.4617036090092,1.3171169205537994,39.846482524520965,1,2.456,0.599,505.4,4.6,63.4,18.1,1.0,0.816
2.425325142714144,1.977397388110382,210.53176839822407,0.23569752579359643,0.3913168871191163,18.443102741182095,4,2.489,0.585,496.7,4.7,64.1,17.0,1.0,0.912
2.420242176629312,0.2859129227813786,242.4912245182028,0.2841517434744578,0.6684845159931553,48.232528019358334,0,2.472,0.048,501.4,5.3,57.5,18.9,1.0,0.5
0.9195258596488175,1.852701279953349,105.66952024360305,0.9469839541874866,1.0511623923685536,20.199811823427726,3,2.28,0.528,541.4,4.8,61.3,19.0,1.0,0.816
0.4912595786295808,1.44513861565469,186.93673284334926,0.05567726641286341,0.7342767632727094,42.3326140906961,2,2.391,0.485,518.1,4.8,62.6,19.1,1.0,0.739
0.3384969320165252,1.63029984762849,86.42126511345579,0.6596230125783986,0.6160852234746659,15.4397023745773,0,2.284,0.437,547.5,4.7,63.5,16.9,1.0,0.716
2.484339888707411,1.8479282329107483,212.7098590928105,1.2413803587706673,1.3773678971414258,12.304191804529673,2,2.334,0.598,532.7,4.1,67.8,17.3,1.0,0.864
0.7591345492439366,0.6642038358223649,89.48760378601521,0.03513094624252733,0.5851607927210618,42.19436796092931,4,2.326,0.599,534.1,4.9,60.8,18.4,1.0,0.924
2.305299906657531,1.568585731660807,239.8316730952206,0.9678805862603472,0.663167194870552,54.25865773171929,0,2.475,0.641,504.0,3.9,75.2,18.8,1.0,0.868
1.3105314069941638,1.6306473661337075,150.2419944124792,1.2495976791488732,1.2324046763098293,28.90350061412586,0,2.395,0.746,510.4,5.2,59.4,17.6,1.0,0.899
2.1361139104912628,1.9001190958323686,197.76447257030355,1.0967619523100058,0.5882487258954481,56.82673583987,3,2.473,0.713,500.0,5.0,66.4,17.4,1.0,0.926
2.191378997794569,0.6241052236731658,130.94375729966535,1.2756731694013617,1.3782132535823308,16.65262167521188,2,2.349,0.054,530.9,4.6,65.4,18.8,1.0,0.5
1.868134076232017,1.3176428422401107,145.8508973606262,1.4909405763457142,1.462632085278367,19.37584559692098,4,2.413,0.497,514.7,5.9,53.3,18.0,1.0,0.795
0.841878310643911,0.14540817794519326,125.98062116326855,0.8638052279688483,0.8833574637981878,53.33097877110885,3,2.311,0.0,541.3,5.0,61.7,17.7,1.0,0.5
2.817103151680985,0.5622863478994191,244.20092906989484,0.04719671056374808,0.6928081707551065,54.72413824930613,1,2.39,0.0,521.9,4.3,66.0,17.4,1.0,0.5
1.3674359730426693,0.7327840268279219,169.40878766306224,1.302331840958904,0.20715523735076607,3.151596659486624,3,2.428,0.337,513.3,5.4,57.4,19.7,1.0,0.667
2.505649442586619,0.39928334617621175,109.73519969266228,1.486791645137828,0.5492466741521217,8.457347289430796,2,2.309,0.016,539.4,4.6,64.2,15.4,1.0,0.5
2.03282369086786,1.783194241422943,180.82861377369096,0.33562087737776874,0.9049421310875236,23.899593778723474,1,2.373,0.762,527.7,4.3,67.4,17.6,1.0,0.941
0.9226748710195024,1.6812765586504852,232.74979722057816,0.15230012743975047,1.0049023364553835,43.489004097343,1,2.546,0.644,488.0,5.0,58.4,19.5,1.0,0.828
2.1263550898251475,0.47166356077686344,233.120446727498,1.0929725985476895,0.18110176289338198,59.66401565943865,1,2.467,0.037,507.9,5.6,58.0,18.8,1.0,0.5
0.4903042415012604,0.9823099778090361,225.57056667069426,0.662841478479135,0.9223114728668118,49.046670436453795,4,2.427,0.45,506.3,4.0,69.0,15.8,1.0,0.848
2.5486085906067366,1.553482860434963,194.22895754957037,0.2527203692135645,1.33776637535888,59.87651448691501,3,2.346,0.412,526.4,5.0,60.6,19.6,1.0,0.668
1.6755735175218704,1.7524375726985963,210.69458241932554,0.3410456737066044,0.7744825596442813,27.709571933870485,1,2.367,0.874,521.9,5.7,57.2,20.8,1.0,0.962
0.9333944374307745,0.3593793902029846,114.54720167017256,0.9281449974392608,0.05554801273029841,36.81757122913613,4,2.368,0.219,524.7,4.5,65.4,17.7,1.0,0.5
2.5318195378320576,0.7828061485376958,218.25699919691814,1.4893220410030812,0.9971403213814048,42.74187282139397,1,2.452,0.137,509.2,4.3,68.8,18.0,1.0,0.5
0.6475353295702253,1.4053493471687681,172.1692277094619,0.10700094888415146,0.4567644312604253,41.57260573628531,1,2.377,0.55,524.3,6.0,52.0,18.5,1.0,0.819
0.2301481556680106,0.7285081363641972,91.65245042557865,0.533341677856237,1.1449715368358344,59.19730702407685,2,2.329,0.421,532.3,5.1,57.8,18.1,1.0,0.693
2.688742709434976,0.6261832634015715,213.49347099271125,0.027495480401605432,1.3170391058710893,9.895662640636337,3,2.338,0.03,526.1,4.8,61.4,18.6,1.0,0.5
2.6891310568520836,1.8708737621647378,150.2152846088831,1.1724100100664492,1.2529549271219085,30.335836685985615,2,2.286,0.517,547.8,4.7,62.1,17.9,1.0,0.846
2.3042166523028964,1.3848645625518865,200.85749583164937,0.10961491519097738,0.990649450212957,43.048457596908726,2,2.461,0.466,503.7,5.0,60.6,16.1,1.0,0.724
2.277763531358764,0.33906734464780125,218.16826614752068,0.694541545242476,0.8950704502498441,6.99613082754887,3,2.469,0.0,503.1,5.1,63.9,18.6,1.0,0.5
1.2539687541113884,0.8729599639678665,155.59523794093866,1.3218340678666256,0.9038274795304584,47.72697810325356,0,2.404,0.588,516.6,5.0,62.1,18.7,1.0,0.769
0.7860155673554694,0.7493504391909246,155.6424143962126,1.4191287405480646,0.23154626928387229,17.799320069426386,3,2.424,0.783,512.7,6.0,53.8,16.8,1.0,1.0
0.10726913242115152,1.0729749819181587,105.51261722097385,0.2651135279484474,0.8098244605354795,32.1204277748426,2,2.28,0.325,546.3,5.4,53.9,16.9,1.0,0.705
2.675995375198608,0.97031264930416,123.05832543995052,1.356666304132734,1.0810117016752365,1.1580662458771762,3,2.405,0.152,517.4,4.7,62.5,18.1,1.0,0.5
1.5732749744004741,1.2031890149957465,82.27879899707413,1.2272562187614966,1.0860933144721887,13.33736688424305,0,2.232,0.664,555.8,5.2,57.5,17.5,1.0,0.875
2.000515484543923,1.389298183696327,225.2988258340602,1.0564772281004895,0.543226833031689,41.39043670913353,2,2.513,0.506,494.1,5.2,56.5,18.8,1.0,0.793
1.1749673315291298,0.7064783342392968,90.22434828761743,0.23664476611099505,1.4462168789932779,59.089529214290856,1,2.229,0.471,558.3,5.3,57.3,18.8,1.0,0.687
0.504796855355814,0.7714449402899614,232.66636156395452,0.6032606193553512,1.4778951553176387,17.65501823344122,1,2.463,0.603,500.9,4.3,66.4,19.1,1.0,0.87
1.7156703485475286,0.6592428396043944,122.4495537174524,0.7373712690999048,0.260871728286048,1.0395703048117597,1,2.335,0.188,526.9,5.1,55.1,17.8,1.0,0.5
2.030055673847391,0.9664088558697992,220.12398885860662,1.2230948753160065,1.2501550507769055,58.91469036718,2,2.435,0.28,506.4,4.5,66.5,16.9,1.0,0.545
0.33899512454018926,1.2383960362325737,210.5749436543974,1.1848701615682515,0.3961179226528668,28.47479500343107,0,2.442,0.439,503.0,5.3,57.2,16.7,1.0,0.697
0.4813688424911301,1.533949162382831,103.25084860016256,0.6564823634021826,0.48867544610722063,6.26213570322835,3,2.313,0.401,538.1,5.3,60.0,18.5,1.0,0.658
1.1832768970162668,0.6060415640465375,247.0725276151459,0.0418761291625277,1.00495188426492,53.87172342915465,1,2.443,0.382,506.9,5.3,58.4,18.3,1.0,0.631
2.9649971797456547,1.0767499980094677,134.25117226722259,0.30038103289480494,1.2947340636412896,23.137395174504395,4,2.32,0.196,533.1,5.1,62.9,17.4,1.0,0.5
0.37917701997320963,1.14010126087658,185.8294054316224,0.8627053210237059,0.451288386415897,18.65144652322348,3,2.464,0.391,500.8,5.0,60.2,18.4,1.0,0.731
0.16805369163249306,1.0544361734207301,182.50081782088796,0.9421519796757841,0.9336691380708488,7.860135314936039,0,2.443,0.437,505.4,5.1,58.2,18.2,1.0,0.62
